Symbol,Implied_Move,Actual_Move
ASYS,0.121,0.0523
FTS,0.0347,0.0031
CTLT,0.0397,0.0028
NWL,0.0976,-0.1893
TMQ,0.0955,-0.0274
CGC,0.1226,-0.0219
WPC,0.0419,-0.0647
TU,0.0303,0.0293
MGA,0.0596,-0.068
TIXT,0.0809,0.0251
COOP,0.0541,0.0542
ESNT,0.0508,-0.0219
ROAD,0.0898,-0.0703
MPAA,0.0844,-0.1023
ENB,0.0427,-0.0035
UI,,-0.0773
AMCX,0.1243,-0.1543
EMBC,0.0503,-0.0847
PAA,0.0283,0.0033
PAGP,0.0295,0.0087
OWL,0.0509,0.0659
PRLB,0.1276,-0.0433
SRTS,0.0798,0.063
FORR,0.0909,-0.0735
MTD,0.0492,-0.0412
DOCS,0.1464,0.0124
LEG,0.0553,-0.1211
VVI,0.0693,-0.0096
FLO,0.054,-0.0513
MWA,0.0869,0.0965
PINS,0.1542,-0.0945
BYD,0.0563,0.0191
ONTO,0.0931,0.0926
MSI,0.0461,0.0077
FARM,0.0833,0.1763
EMKR,0.1357,-0.3925
APDN,0.1025,0.0167
PRO,0.0934,0.0205
BIOX,0.0399,0.0668
RICK,0.0892,-0.0624
ATR,0.0361,0.0518
EGAN,0.0953,-0.2425
NGVC,0.1131,0.158
LTRX,0.108,-0.3253
LEU,0.1222,-0.0183
AFRM,0.1837,-0.1089
TTWO,0.0524,-0.0866
AIRC,0.0439,-0.0273
G,0.0681,0.0455
IIIV,0.0906,-0.0154
CRESY,0.0651,0.0174
PSEC,0.0623,-0.0688
NGL,0.1269,0.0104
VCTR,0.0493,0.0536
FE,0.0291,0.0425
CDP,0.0343,0.0223
ESE,0.0291,-0.0587
PEAK,0.0452,-0.0361
PI,0.1376,0.0351
TEX,0.0621,-0.0855
PINE,0.0332,0.0217
GROW,0.0388,0.0064
VRSN,0.0557,-0.0131
ITI,0.0939,-0.0037
PCTY,0.1057,-0.0336
RAMP,0.1002,-0.0741
SYNA,0.101,0.0181
SPSC,0.0726,0.1481
PXLW,0.2168,-0.0178
CTLP,0.0888,-0.0765
POWW,0.0538,0.1357
TFII,0.062,0.0057
STEP,0.0439,0.0628
ILMN,0.0819,-0.0383
BILL,0.1656,-0.1358
CPRI,0.0424,-0.0149
RLGT,0.0799,0.0209
PETS,0.1996,0.0187
EXPE,0.0996,-0.1778
CLSK,0.1203,0.3286
DXCM,0.0728,-0.0518
POWI,0.0773,0.0415
CTRE,0.0236,0.0714
NET,0.141,0.195
REG,0.0323,-0.0132
IBEX,0.0678,-0.0915
PECO,0.0335,0.0052
SVM,0.0404,0.0578
FLUX,0.1529,0.0987
MHK,0.0717,0.0036
BAP,0.0452,0.0143
BTI,0.0382,0.0697
KIM,0.047,-0.0074
UA,0.1122,-0.0027
CCJ,0.0623,-0.0693
APO,0.0512,0.0143
HAE,0.084,0.013
TROW,0.0543,-0.0075
COP,0.0292,0.0141
BNRE,0.0284,0.0219
DT,0.0761,-0.0755
RBC,0.052,-0.0542
MAS,0.0572,0.0409
WMS,0.0783,0.144
LVO,0.0915,0.0136
PATK,0.0622,0.0192
RL,0.0645,0.1679
ABG,0.0596,-0.0187
TPR,0.0644,0.0654
TRI,0.046,0.0459
SAVE,0.1649,0.0331
DUK,0.0282,-0.0298
MDU,0.0367,0.0112
BWA,0.0681,-0.0695
PBH,0.0381,0.0936
CIGI,0.0492,0.0956
KVUE,0.0452,-0.058
CG,0.0391,0.031
LIVE,,-0.0329
REPL,0.0628,0.0404
ZBH,0.0554,-0.0354
LVWR,0.0621,0.0122
TPX,0.0836,0.0123
NSP,0.0761,-0.1478
LADR,0.0306,0.0085
CIVB,0.0726,0.0156
CRIS,0.2666,0.1342
IRMD,0.0508,0.0004
ARW,0.0565,0.0406
ICE,0.032,0.0472
BDC,0.0719,0.1306
SWI,0.1121,0.0676
GTES,0.0603,-0.0551
TDG,0.05,-0.0161
BAX,0.0665,0.0274
HSY,0.0433,0.0414
BN,0.0506,0.0196
HOG,0.0851,0.0107
ACB,0.1846,0.0293
BCE,0.0257,-0.0366
IPG,0.0789,-0.0136
CYBR,0.0805,0.0758
LNC,0.0785,-0.0247
PM,0.0279,-0.0266
UAA,0.0962,0.0013
LQDT,0.0869,-0.1027
LSPD,0.1683,-0.2437
RXO,0.0813,-0.077
THC,0.0744,0.0103
ITT,0.0465,-0.047
VERU,0.238,-0.0657
WEX,0.0549,0.023
AXTA,0.054,-0.0461
K,0.0379,0.0233
LITE,0.1301,-0.2243
DTE,0.0285,-0.0094
HMC,0.0466,0.0066
NNN,0.0242,-0.0028
MT,0.0365,0.0452
CX,0.058,-0.087
PWP,0.0512,0.063
BTU,0.0586,0.0019
OMCL,0.0878,-0.1035
SLI,0.116,-0.0395
SNA,0.0454,-0.0967
SPGI,0.0419,-0.0502
SPH,0.0425,0.0071
IMKTA,0.037,-0.0034
SPB,0.0551,0.0767
AZN,0.039,-0.0455
ARES,0.0432,0.052
QLYS,0.0839,-0.0424
RRX,0.0717,0.0514
ENS,0.0649,-0.0726
MCK,0.0429,-0.044
BARK,0.1794,0.1556
EHC,0.0422,0.0095
ORLY,0.0485,-0.0433
DHX,0.1299,0.1368
VKTX,0.1928,0.1801
OHI,0.0422,0.0648
OSCR,0.1562,0.2438
PAHC,0.0633,0.074
NWS,0.0652,0.0676
CMP,0.1241,-0.0581
PNNT,,-0.0117
VINP,0.0663,0.0
ASGN,0.0593,0.0127
BLBD,0.132,-0.0294
APPS,0.156,-0.244
FAF,0.0563,-0.0084
ENTA,0.0628,0.0082
FLNC,0.1518,0.0667
ARM,0.1192,0.4789
GPRO,0.1437,-0.1103
UVV,0.045,-0.0597
AZTA,0.1,-0.0155
RM,0.0749,-0.0124
KN,0.1077,-0.0369
NTGR,0.1064,-0.0782
TTGT,0.066,0.0048
RPD,0.1091,0.0305
VNDA,0.0896,0.1181
DIS,0.0597,0.115
NOTV,0.1555,0.1685
EFX,0.063,0.0422
PYCR,0.0886,0.0454
MOH,0.0539,0.0535
CSGS,0.0621,0.1506
CENTA,0.0417,0.051
ALL,0.044,0.0199
SGU,0.068,0.1016
SLF,0.0317,0.0038
ME,0.1167,-0.1305
MTRX,0.0913,0.2313
CENT,0.0506,0.0614
PDM,0.0483,0.0541
CFLT,0.2184,0.3409
BKH,0.0408,0.0328
PFLT,,0.0135
GEOS,0.1114,-0.0934
EGP,0.0268,0.0313
MMS,0.0528,0.011
NLY,0.0277,0.0124
RMR,0.0313,0.0364
NFG,0.049,0.0648
CPA,0.064,-0.0074
UHAL,0.0637,-0.0705
FR,0.0372,0.0595
STC,0.0458,0.0025
ASND,0.0633,-0.0003
ACLS,0.0998,-0.0703
FORM,0.0952,0.022
FLT,0.0528,-0.092
QNST,0.1143,0.1379
MUSA,0.0492,0.0918
STE,0.0692,-0.0248
RDN,0.0501,-0.0371
MAA,0.0421,-0.0056
PYPL,0.0916,-0.1124
CUZ,0.0476,0.0423
NWSA,0.0699,0.0647
MC,0.0604,0.0097
CXW,0.0699,0.0601
MAT,0.0914,0.0032
PAYC,0.1436,-0.0165
UTI,0.1153,0.102
WYNN,0.0536,0.0629
RRR,0.0601,0.0483
MPWR,0.0913,0.142
MKSI,0.0674,0.0562
INTR,0.0727,0.0378
EG,0.0462,-0.0765
COTY,0.0789,-0.0246
NVST,0.0905,-0.0743
HMN,0.0333,0.0335
WMG,0.0656,-0.0249
GL,0.0323,0.0202
BBD,0.0365,-0.1552
ARCC,0.0235,0.0125
NYT,0.0566,-0.0734
CRTO,0.0873,0.1778
MSGE,0.0707,0.0405
PFGC,0.0581,-0.0106
REYN,0.0256,0.0201
PAG,0.0512,-0.01
EEFT,0.0742,0.0058
CDW,0.0458,0.0308
YUM,0.038,0.0186
ADNT,0.083,-0.0767
VSH,0.0692,-0.0181
OESX,0.1053,0.1759
MCFT,0.1106,0.0229
VSTS,0.0516,-0.1291
UBER,0.0776,0.0026
TWIN,0.0797,-0.0316
BG,0.0633,-0.0231
SLQT,0.1093,0.009
FOXA,0.0405,-0.068
EPC,0.069,0.0163
HLT,0.0394,0.0072
RBLX,0.1386,0.102
PERI,0.0998,-0.2012
ATS,0.0641,-0.0055
SLAB,0.1138,0.1303
CVS,0.0459,0.031
CURO,0.1986,-0.1895
MAC,0.0676,0.0211
NBIX,0.0617,-0.0467
BAM,0.0394,0.0023
XPO,0.0965,0.1886
TTMI,0.0835,-0.0014
RDWR,0.0781,0.009
RITM,0.0384,-0.0378
SMG,0.1208,0.0368
NHTC,0.0533,0.0301
KMT,0.07,-0.0243
GGR,0.0639,0.0047
GPRE,0.0949,0.1304
EMR,0.0384,0.1043
FLNG,0.0477,-0.0566
RSVR,0.0639,-0.1213
HAIN,0.086,-0.1592
CMRE,0.0689,0.048
AVXL,0.0683,-0.0345
BERY,0.0567,-0.1178
DAY,0.0768,-0.0272
BABA,0.0739,-0.0587
OMF,0.0694,-0.0542
TGI,0.1146,-0.1703
GFF,0.0664,0.1284
FOX,0.0467,-0.0648
CDAY,,0.0
EQNR,0.051,-0.0719
VOYA,0.0444,-0.0417
SNEX,0.0491,-0.0221
ZWS,0.048,0.0417
FRSH,0.1243,-0.0307
AAT,0.0495,-0.0083
ELF,0.1202,-0.049
AIZ,0.0541,0.0382
CINF,0.0506,-0.0452
ACT,0.0329,-0.0486
LUMN,0.3146,0.0741
ATEN,0.1043,-0.0061
CRUS,0.0763,0.1459
AOSL,0.1031,-0.1064
GENC,0.0581,0.0244
AMGN,0.0438,-0.0639
DOX,0.0416,-0.0189
VSAT,0.1248,-0.1817
DEI,0.0686,0.0275
KTCC,0.0665,0.036
REXR,0.0522,-0.0261
MODN,0.0999,-0.0059
TCS,0.1107,-0.3941
EPM,0.0846,0.0373
CMG,0.0635,0.0721
ESS,0.0319,-0.017
OMC,0.053,-0.0301
AMRK,0.0786,-0.0343
EW,0.0716,-0.0186
CNO,0.0439,0.0285
AVNW,0.1129,0.1922
CTSH,0.0634,-0.0093
ARI,0.0714,-0.0489
OI,0.1001,0.1406
ATO,0.0384,0.0011
ASTL,0.0922,-0.0036
QGEN,0.0584,-0.0286
VLTO,0.0512,0.0456
DHT,0.0737,0.0466
F,0.0727,0.0605
AYX,0.0082,-0.0006
YUMC,0.0907,0.0788
WFRD,0.0767,0.0714
TRVG,0.1079,-0.0316
ICHR,0.0907,0.0327
KREF,0.0486,-0.1385
SONO,0.1416,0.1713
AFG,0.0348,0.0211
GILD,0.0381,-0.0425
EQH,0.0495,0.0293
MRCY,0.1085,-0.114
VREX,0.0597,-0.0921
WU,0.0545,-0.0558
PRU,0.044,0.0555
HIW,0.0689,0.0462
KD,0.1096,0.0172
EXEL,0.0562,-0.0756
SNAP,0.2204,-0.3461
MSTR,0.057,0.0201
NBR,0.0985,-0.0118
WERN,0.049,0.046
AB,0.0513,0.0061
INNV,0.1063,-0.0394
TENB,0.1252,0.0529
IEX,0.0445,0.0161
UDR,0.0421,-0.0067
ARWR,0.0909,-0.0467
VFC,0.1059,-0.0968
USNA,0.0476,0.04
GAIN,0.0264,-0.0344
SIMO,0.0755,0.0311
INTA,0.1096,-0.1106
LSAK,0.1634,0.0446
DIOD,0.0699,-0.0217
HRB,0.072,-0.0188
AMCR,0.0459,0.0218
FTNT,0.1084,0.0378
AEIS,0.0718,-0.0576
AZEK,0.0772,0.1452
JKHY,0.0535,0.0322
AZPN,0.0908,-0.0047
CSL,0.069,0.0765
PLUS,0.0794,-0.13
INSP,0.0993,-0.1055
ENPH,0.151,0.1691
BP,0.04,0.0628
UBS,0.0667,-0.0551
XYL,0.0493,0.048
CNC,0.0511,0.0115
ARCB,0.0721,0.0821
CARR,0.0731,-0.0347
SPOT,0.0981,0.0388
ENR,0.0766,0.0312
HLNE,0.0628,-0.0568
WKSP,0.1138,-0.0161
DCPH,0.0671,0.0047
TW,0.0562,-0.0027
VVV,0.0655,0.0294
ATHM,0.067,0.1176
FI,0.0418,-0.0212
TM,0.0459,0.078
PDS,0.0716,0.0572
SCSC,0.0763,-0.0545
CTS,0.0446,0.1044
MSGS,0.0473,0.0602
CMI,0.0476,0.0433
AME,0.0365,-0.0054
KKR,0.044,0.058
NVT,0.0704,-0.0189
LLY,0.0641,-0.0017
PNM,0.0404,0.042
ARMK,0.0594,-0.0037
AGCO,0.0611,0.0104
AUDC,0.0768,0.1422
WTW,0.0518,0.0718
IT,0.0665,-0.0172
LIN,0.0372,0.0373
ULCC,0.1442,0.2078
PJT,0.0711,-0.0243
WAT,0.0653,0.017
CEIX,0.0907,-0.0532
HTZ,0.1637,0.0889
MLI,0.0593,0.0006
INGR,0.0536,-0.008
ST,0.0757,-0.0847
GEHC,0.0468,0.1165
DD,0.0414,0.074
J,0.0509,0.0212
FSV,0.0377,-0.0236
HIMX,0.0951,-0.0142
LEA,0.0496,0.0062
CRNC,0.1175,-0.071
CHKP,0.0544,0.0103
SPR,0.0951,0.0498
NJR,0.0293,0.0362
CBT,0.056,0.0786
AMKR,0.0878,-0.0501
CCK,0.0569,-0.132
IVAC,0.0641,-0.0324
SYM,0.2496,-0.2357
NXPI,0.0594,0.009
ITUB,0.0527,0.065
PLTR,0.1493,0.308
FMC,0.1101,-0.1154
KFRC,0.0518,-0.0098
HI,0.0553,-0.0481
RMBS,0.1131,-0.1918
GBDC,0.0234,-0.0137
GLAD,0.0359,-0.0466
SKY,0.0967,0.1195
KRC,0.0636,-0.0139
SPG,0.047,0.0482
VRTX,0.0466,-0.0298
CHGG,0.1966,-0.0613
VRNS,0.1166,0.0672
SSD,0.068,-0.0167
FN,0.118,-0.1841
ACM,0.0436,-0.0018
CHX,0.0716,0.0918
KE,0.0649,-0.1409
COHR,0.1195,0.1736
BRBR,0.0728,-0.013
IRS,0.0782,0.0099
JJSF,0.0637,-0.07
ALGT,0.0985,-0.076
VOD,0.0583,-0.0332
CNA,0.0436,0.0716
CAT,0.0546,0.02
EL,0.0968,0.1205
APD,0.0598,-0.1555
MCD,0.0296,-0.0373
TKR,0.0592,-0.0445
BOWL,0.1879,0.1578
SPHR,0.1207,0.1005
TSN,0.0598,0.0202
ON,0.0954,0.0954
HAYN,0.0488,0.0693
GHM,0.0851,0.1102
L,0.0387,-0.0034
NSSC,0.1297,0.1882
AMG,0.0688,0.0484
IDXX,0.0619,0.0853
SCCO,0.0543,-0.0246
BSAC,0.0397,-0.0126
BEPC,0.0606,-0.0349
GWW,0.0612,0.0541
XOM,0.024,-0.0041
BBU,0.0594,0.0295
VRTS,,-0.0344
CPLP,0.089,0.0306
CHD,0.045,-0.0237
BEP,0.0637,-0.0276
LYB,0.0409,-0.0185
BMY,0.0413,0.0008
TWST,0.164,0.1001
IMO,0.0514,-0.0128
WT,0.0503,0.0074
GRC,0.0782,0.016
SAIA,0.0878,0.1435
REGN,0.0309,-0.0132
CBOE,0.0292,-0.0106
AON,0.045,-0.0253
IESC,0.0479,0.0076
CI,0.0366,0.0538
CVX,0.0239,0.0294
PIPR,0.0633,0.0757
BBUC,0.0521,0.0213
CHTR,0.0621,-0.1651
ABBV,0.0348,0.0064
SKX,0.0823,-0.1031
LPLA,0.0613,0.0447
ENSG,0.0504,0.0471
AMZN,0.065,0.0787
HUBG,0.0682,-0.0188
EXPO,0.0336,-0.1283
OTEX,0.0644,-0.0231
HLI,0.0533,0.0414
PFSI,0.0724,0.0474
PMT,0.0718,-0.0332
ABIO,0.0667,0.0254
MTX,0.0541,0.0279
VIAV,0.1104,-0.0453
DECK,0.0857,0.1413
MATW,0.0737,-0.0753
CLFD,0.1393,0.1271
ORC,0.0718,0.0375
RGA,0.0621,-0.0282
COUR,0.1284,-0.0486
SXI,0.0514,-0.0103
CVCO,0.0724,0.0175
HOLX,0.0489,-0.0265
SKYW,0.0936,0.0817
TEAM,0.1058,-0.1472
GEN,0.0769,-0.1125
X,0.0166,-0.0167
NOV,0.07,-0.1123
DLB,0.0584,-0.0538
POST,0.0459,0.0766
CLX,0.0529,0.0562
BZH,0.1155,-0.0788
KMPR,0.0646,-0.0532
AAPL,0.0354,-0.0054
COLM,0.0692,-0.0087
DXC,0.1056,0.0009
CPT,0.0386,0.0107
MCHP,0.0664,-0.0159
HIG,0.0424,0.0373
META,0.0614,0.2032
LESL,0.1518,0.0249
EMN,0.0494,-0.0266
ING,0.0484,-0.0592
DB,0.0413,0.0584
EURN,0.0247,0.0045
NECB,0.0322,-0.011
THR,0.0816,-0.1788
LPG,0.1035,0.0184
CMS,0.0399,0.0294
BALL,0.0698,0.0714
KEX,0.0541,0.0475
TECH,0.0678,-0.0253
ETN,0.0544,0.0751
BDX,0.0484,0.0148
BIP,0.0595,0.0143
MRK,0.0249,0.0464
LAZ,0.072,0.0536
CAH,0.0423,-0.0375
SBH,0.1267,0.0666
CSWI,0.0397,0.0398
DGX,0.0445,-0.0098
SR,0.0394,0.044
RCI,0.0531,0.0116
SRDX,0.0824,-0.079
ALGM,0.1013,0.1234
LEE,,-0.1117
PH,0.0537,0.0768
ATI,0.0837,-0.0568
JHG,0.0615,0.0442
LANC,0.0673,0.1102
SXC,0.0767,0.0449
TSCO,0.0512,0.0459
AROW,0.0599,-0.0087
ITW,0.0415,-0.0205
RAVE,0.0981,0.0263
FLWS,0.1339,0.0029
RACE,0.0369,0.1258
ONEW,0.1471,0.041
WRK,0.0654,-0.0256
SIRI,0.0672,0.0275
WEC,0.0392,0.0126
DLX,0.0756,0.0793
MTSI,0.0865,-0.0254
TAK,0.04,-0.0151
MIXT,0.102,-0.0169
GOOS,0.1327,0.0851
HON,0.0328,-0.0245
BSIG,0.0686,-0.0054
OCSL,0.0344,-0.0784
PBI,0.1315,0.0097
EPD,0.0125,0.0015
FCFS,0.0646,0.0428
SILC,,-0.0018
ASX,0.0566,-0.0258
SNDR,0.0487,-0.0281
RVTY,0.0631,0.0194
WNC,0.12,0.0561
HII,0.047,0.0343
BR,0.0502,-0.0126
TT,0.0559,0.0742
BC,0.0666,0.0472
PTON,0.1679,-0.2428
MO,0.0308,0.0399
RCL,0.0629,-0.0042
ATKR,0.0875,-0.0305
SWK,0.0732,-0.0154
DOV,0.0452,0.0452
IP,0.0369,-0.041
SHEL,0.0263,0.0186
SNY,0.051,-0.0299
AFL,0.0262,-0.0965
MKL,0.0391,-0.0683
MXL,0.1354,-0.1105
DGII,0.1147,0.1386
CVGW,0.0886,-0.0609
NXT,0.1147,0.2481
CCS,0.0828,0.0759
HWKN,0.0752,-0.0759
MET,0.0312,-0.0573
CNMD,0.0777,-0.1238
AVB,0.0398,-0.0048
CLB,0.1111,-0.0469
CHRW,0.063,-0.1259
PTC,0.0705,-0.0069
BRBS,0.1402,0.096
SEIC,0.0489,0.0487
VSTO,0.0859,0.0869
FLEX,0.0889,0.0548
QCOM,0.0563,-0.0498
CACC,0.0922,0.0745
GTIM,0.1246,-0.0121
MTH,0.0728,-0.0728
MTG,0.0436,0.0066
QRVO,0.0778,0.0603
TTEK,0.0606,0.0385
CMPR,0.1059,0.2168
ALGN,0.1188,0.0227
THG,0.0387,-0.0047
KLIC,0.0748,-0.0962
EGHT,0.1501,-0.1161
WOLF,0.1583,-0.1361
BOOT,0.1072,0.1032
CTVA,0.0679,0.1887
MEOH,0.0685,0.0375
AXS,0.0449,-0.0397
BDN,0.0702,-0.0717
SHBI,0.0554,-0.0618
SIGI,0.036,-0.0769
UGI,0.0808,0.1337
RYN,0.0543,0.0683
DLHC,0.0834,0.0057
EZPW,0.0431,0.1151
BV,0.0726,-0.0101
SNCY,0.1062,0.0771
JBSS,0.067,-0.0201
AVD,0.0706,0.0073
UFI,0.0953,-0.0427
BHE,0.0755,0.0914
NEU,0.0456,0.0642
ARAY,0.0807,-0.0116
LSTR,0.0498,-0.0037
SAN,0.0482,0.0101
GSK,0.0297,0.009
LCNB,0.0784,-0.0562
NVS,0.0387,-0.0397
HES,0.0348,-0.0208
MHO,0.0677,-0.0569
HESM,0.0463,-0.0097
CPF,0.0652,-0.0277
EXTR,0.1135,-0.1881
LII,0.0474,-0.0438
SLGN,0.0641,0.0527
EVR,0.0559,-0.0256
RGS,0.3293,-0.1659
TMO,0.0368,-0.0496
ODFL,0.0665,-0.0123
NVO,0.0573,0.0525
ADP,0.0422,0.0301
NDAQ,0.0456,-0.0116
ZGN,0.0651,0.0609
EAT,0.0865,0.0516
OTIS,0.0405,-0.0173
MKTX,0.0752,-0.178
RDY,0.0425,0.0369
PSX,0.0329,0.0133
CCG,,-0.0424
AVT,0.0593,-0.0537
NAVI,0.0807,-0.0407
BFIN,0.0681,-0.0252
BSX,0.0349,0.03
CMCO,0.0512,0.0122
FTV,0.0515,0.0466
GIB,0.0351,0.0055
APTV,0.0759,-0.0622
TEVA,0.083,0.0315
MA,0.0295,0.0091
COR,0.0397,0.0551
AVY,0.0511,-0.0089
NYCB,0.0746,-0.3767
TRIB,0.1768,0.3566
ROK,0.067,-0.1756
GPI,0.075,-0.0787
BA,0.0465,0.0529
UMC,0.0819,-0.0153
ROP,0.04,-0.0438
HTLD,0.0606,-0.0219
BXP,0.0695,-0.05
JNPR,0.017,-0.0059
EA,0.0517,0.0002
MDLZ,0.0313,-0.014
GOOGL,0.0604,-0.075
TFSL,0.0479,-0.0438
MSFT,0.0466,-0.0269
GOOG,0.061,-0.0735
LFUS,0.0588,0.0005
ATGE,0.1439,0.0587
TER,0.0818,-0.0765
ASH,0.0594,0.1591
RNR,0.0646,0.064
POWL,0.1365,0.4528
FIBK,0.0741,-0.0572
AMD,0.0878,-0.0254
UPC,,0.0245
MOD,0.1352,0.0346
EQR,0.0421,0.015
FCF,0.0637,-0.0622
UNM,0.0571,0.0105
APAM,0.0679,-0.0078
SBUX,0.0626,-0.0112
HA,0.0547,-0.0186
AX,0.0892,-0.0238
UMBF,0.0487,-0.0123
SYK,0.0519,0.0595
ENVA,0.0899,-0.0738
SWKS,0.0562,0.0012
FNCB,0.0883,-0.0511
MTCH,0.1059,0.0172
RHI,0.0656,-0.023
LFVN,0.1225,-0.0892
MANH,0.0795,0.0839
CP,0.0398,0.0135
CB,0.0459,0.0075
FBIN,0.0584,-0.0396
PFE,0.0395,-0.0167
PNR,0.0563,-0.0049
CRVL,0.0574,0.025
AOS,0.0581,-0.0198
MAN,0.0565,0.0073
HCA,0.0668,0.0518
MPLX,0.0287,0.0121
CATC,0.07,0.0069
OSK,0.0665,0.0104
MBUU,0.0819,-0.1856
JCI,0.0625,-0.0381
PHM,0.051,-0.0048
HONE,0.0562,-0.0397
JBLU,0.1234,-0.0473
MPC,0.0376,0.0609
UPS,0.0602,-0.082
DHR,0.0423,0.0471
CVLT,0.0687,0.0805
CHT,0.0296,-0.0133
PII,0.077,-0.0379
MSCI,0.0589,0.0931
HUBB,0.0662,0.0353
GLW,0.0429,0.069
CAC,0.0699,-0.0125
SYY,0.0423,0.0752
HOPE,0.0546,-0.0444
GM,0.0492,0.078
BBVA,0.0331,0.0542
MDC,0.0143,0.0006
CCB,0.0695,-0.0143
SMCI,0.1093,0.0349
ELS,0.0462,0.0151
HP,0.0815,0.1202
TWO,0.0619,-0.0645
WWD,0.0722,-0.0087
PCH,0.0547,-0.008
HITI,0.103,-0.0363
GGG,0.0602,0.02
HTLF,0.0724,0.0078
CSWC,0.0449,0.0146
MBIN,0.0664,0.0437
SFBS,0.0569,0.0224
CR,0.0863,0.0824
CALX,0.1325,-0.257
CLF,0.0684,0.0656
HMST,0.073,-0.026
FFIV,0.0663,0.0079
WHR,0.0786,-0.066
SANM,0.0884,0.282
HLIT,0.1629,0.018
CLS,0.1323,0.0166
NUE,0.0482,0.0694
CADE,0.0734,-0.0574
GABC,0.0593,0.0272
NVX,0.1014,-0.0312
ARE,0.0573,-0.0414
RYAAY,0.067,0.0264
PPBI,0.0846,0.0025
BMRC,0.087,-0.0347
BSRR,0.0736,-0.0027
SOFI,0.1814,0.2021
DX,0.0467,0.0118
ARLP,0.0782,-0.0551
PHG,0.078,-0.054
BEN,0.0614,-0.0029
TBNK,0.1005,0.0361
ALV,0.0662,0.0285
GNTX,0.0657,0.0653
MESA,0.2303,-0.0749
BMI,0.069,-0.0561
FCNCA,0.0707,0.0551
FHB,0.074,0.0315
MPB,0.0818,-0.0331
RBCAA,0.0846,0.0141
CL,0.0272,0.0198
DCOM,0.0775,-0.0467
SBSI,0.0675,-0.0016
UBSI,0.0673,-0.0049
OPY,0.0551,-0.0261
NSC,0.029,-0.0151
SPFI,0.0901,0.0071
AXP,0.0406,0.071
TMP,0.0758,-0.0092
BAH,0.0572,0.1358
STEL,,0.0023
BKU,0.0851,-0.0063
EBTC,0.0576,0.007
OPBK,0.0837,0.0234
LHX,0.052,0.0223
PCB,0.0614,-0.0177
WAL,0.0673,0.0248
TMUS,0.0375,-0.0025
MCBC,0.0563,-0.0177
HTH,0.058,-0.0144
PGC,0.0976,0.0397
LEVI,0.0908,0.0127
FFIC,0.0664,0.025
SSB,0.061,0.0431
TARO,0.0306,-0.0012
UBFO,0.0752,-0.0024
FISI,0.0553,-0.0752
WSFS,0.0692,0.0141
MRTN,0.0668,-0.0544
CLBK,0.0607,-0.0057
BY,0.0549,-0.0352
WY,0.0511,-0.0063
KLAC,0.0442,-0.066
CVRX,0.1769,-0.0675
GBCI,0.09,0.0835
FFIN,0.0503,0.0675
FHI,0.059,0.0227
TBBK,0.0787,0.078
FBIZ,0.1012,0.0178
FICO,0.0779,-0.0685
OLN,0.0763,0.0657
GSIT,0.2551,-0.1493
MOFG,0.076,-0.0201
AJG,0.0436,-0.0199
MSBI,0.0639,-0.0118
CUBI,0.1056,0.035
PFS,0.0654,0.0051
FLIC,0.0755,0.0062
HTBK,0.0699,-0.0437
INTC,0.0774,-0.1191
SBCF,0.0693,-0.0061
APPF,0.0993,0.2826
FRST,0.0615,0.0411
COF,0.052,0.0465
EBC,0.0648,0.0043
BCML,0.0895,-0.0005
V,0.0298,-0.0171
WDC,0.0657,-0.0348
ABCB,0.0639,-0.0006
FFBC,0.0643,-0.0172
NOK,0.0678,0.1144
ASB,0.0661,0.0009
CFR,0.0673,0.0051
KRNY,0.077,-0.0683
FFNW,,0.0
TCBK,0.0708,-0.0375
ORI,0.043,-0.0935
HZO,0.1156,-0.1455
NOC,0.0301,-0.0633
BANC,0.1002,0.0788
SHW,0.0591,0.0095
AMAL,0.0726,-0.0402
STBA,0.0714,-0.0096
CNX,0.0671,0.0169
UNP,0.0346,-0.0031
NEP,0.0571,0.0887
SMMF,0.0529,0.0054
WTBA,0.0706,-0.0451
XEL,0.0407,0.0115
BX,0.0414,0.0237
CARE,0.0669,0.06
VLO,0.0278,0.0331
CNOB,0.0742,0.0042
ALK,0.0796,0.0447
NEE,0.0459,0.017
FFWM,0.1379,-0.065
HUM,0.0485,-0.1169
AIT,0.0613,0.0054
EXP,0.0583,0.024
HFWA,0.0811,-0.0181
AAL,0.0544,0.1027
FMBH,0.0645,0.0111
VLY,0.0744,-0.0444
DOW,0.035,0.0348
LYTS,0.0789,0.0545
BPOP,0.0624,0.028
XRX,0.1146,0.104
BHLB,0.0647,0.0037
IBCP,0.0786,-0.0345
CASS,0.0684,0.0312
BCBP,0.0757,-0.0283
LKFN,0.0573,0.0921
VIRT,0.0669,-0.0906
LBAI,0.0738,0.0105
RES,0.119,0.0609
TAL,0.0799,0.0566
MMC,0.0391,-0.0383
CRS,0.0842,-0.0633
FRME,0.0714,-0.0292
BSET,0.0825,0.0745
MUR,0.0708,-0.0029
MKC,0.069,0.0429
ACNB,0.0723,-0.0088
STM,0.088,-0.0078
OSIS,0.0785,0.0443
BFH,0.1052,0.0698
NTCT,0.0638,0.0604
MPX,0.0965,-0.0625
MBLY,0.1094,0.0119
LUV,0.0581,-0.0231
CMCSA,0.0483,0.0336
COLB,0.0725,-0.2114
FBMS,0.0674,-0.0569
CCI,0.0629,0.0497
SLM,0.0792,0.0344
CNXC,0.0808,-0.1602
ETD,0.0966,0.0051
ALRS,0.0623,0.0584
EGBN,0.1034,-0.0276
PKG,0.0562,0.0404
LVS,0.0532,0.0103
BWB,0.096,0.0087
RMD,0.0841,0.0848
SLG,0.1203,0.0298
LOB,0.0913,-0.0518
IBM,0.044,0.0949
STX,0.0663,0.0204
PLXS,0.0589,-0.0426
PFBC,0.058,-0.0279
AMTB,0.0801,0.0099
CVBF,0.0683,-0.0364
CSX,0.0363,0.0177
KNX,0.0684,0.0161
ESSA,0.0604,0.0201
INBK,0.0849,0.0867
FBNC,0.0811,-0.0223
NG,0.0932,-0.0631
AMP,0.0495,0.0049
RJF,0.0538,0.0117
URI,0.057,0.1296
CNS,0.0597,0.0251
RLI,0.0552,-0.043
TSLA,0.0744,-0.1213
CATY,0.0606,-0.0203
CBAN,0.0717,0.0023
OSBC,0.0678,-0.0729
NOW,0.0561,0.0043
WRB,0.0507,0.0718
UVSP,0.0659,0.0211
HBNC,0.0728,-0.0332
OBK,0.0696,-0.053
TOWN,0.0542,-0.023
HXL,0.0592,-0.0843
EQBK,,-0.0179
AMSC,0.1088,0.359
LRCX,0.055,0.0206
CASH,0.0881,0.0215
NFBK,0.0606,0.0319
CACI,0.0526,-0.0172
BRKL,0.084,0.0428
FRBA,0.0664,0.0
LBRT,0.0952,0.0642
WASH,0.0829,-0.0517
ASML,0.0449,0.0885
PKBK,0.0804,0.021
OFG,0.0755,0.0142
T,0.0533,-0.0297
MNRO,0.0979,0.0323
GD,0.026,0.0474
KMB,0.0304,-0.0553
UCBI,0.0661,-0.0107
PGR,0.0551,0.0472
CHCO,0.0714,-0.0173
APH,0.0477,0.0278
TDY,0.0461,-0.0544
SF,0.0529,0.0382
PB,0.0633,-0.0081
SBT,0.1166,0.0323
EDU,0.0916,0.0579
HBT,0.0569,-0.009
FBP,0.0735,0.0208
FMNB,0.0772,0.0498
BOKF,0.0642,-0.0007
FCX,0.0396,0.0406
ABT,0.0313,-0.0283
HTBI,0.0869,0.0198
SFNC,0.0655,0.0557
CFFN,0.0816,-0.0066
TEL,0.0519,0.0667
SYBT,0.067,-0.0356
ELV,0.044,0.0032
BLFY,0.0794,0.0383
TXT,0.059,0.0784
BUSE,0.077,0.0201
SAP,0.0562,0.0687
FVCB,0.0965,-0.0082
VBTX,0.0801,-0.0262
TXN,0.0434,-0.0245
RFIL,0.1024,0.0166
LRN,0.1271,-0.0205
RNST,0.0711,0.0074
NFLX,0.082,0.107
BKR,0.0619,-0.0473
BFST,0.0659,-0.0158
NBHC,0.0775,0.0362
FCBC,0.0679,0.0017
STLD,0.0691,0.0034
TRMK,0.0701,-0.0132
CCNE,0.0692,0.0416
QCRH,0.0633,0.0673
ISRG,0.0539,-0.0036
PFC,0.0724,-0.0686
EWBC,0.0651,0.0278
HAFC,0.0735,-0.0941
WSBC,0.0643,0.0289
WNEB,0.0853,0.0034
BHB,0.0834,-0.0235
ORRF,0.0906,0.0207
CNI,0.044,-0.0221
NBTB,0.0735,-0.0329
CVLG,0.0835,0.0194
TFIN,0.0715,-0.0364
FOR,0.0823,-0.0673
IVZ,0.0735,-0.0828
LMT,0.0325,-0.0416
MCBS,0.0775,-0.0357
HAL,0.0364,0.0253
ERIC,0.0912,0.0086
AUB,0.0819,-0.0145
SYF,0.0785,-0.0087
CCBG,0.0819,0.0222
PCAR,0.0551,0.0404
ONB,0.0625,-0.0142
PEBO,0.0706,-0.0403
CBU,0.0759,-0.0314
RTX,0.046,0.0533
GATX,0.0565,0.059
GE,0.0534,-0.0098
VZ,0.0374,0.067
DHI,0.0412,-0.0924
MMYT,0.1025,-0.0026
SASR,0.087,-0.0305
PG,0.0293,0.0414
AMNB,0.0709,-0.0133
ASRV,0.0852,-0.0195
JNJ,0.0239,-0.0164
MMM,0.049,-0.1103
WBS,0.0769,-0.0231
TRST,0.0588,-0.009
CBNK,0.0749,-0.0039
AGNC,0.0375,0.0052
ZION,0.0516,-0.0125
TSBK,0.0625,-0.0258
AGYS,0.1091,0.0009
RBB,0.0797,0.0199
IBTX,0.0933,-0.0385
GSBC,0.0724,-0.0491
HBCP,0.0821,0.0169
UAL,0.068,0.0531
BRO,0.0543,0.0481
LOGI,0.0943,-0.1154
CFB,0.0713,0.0044
SMBK,0.0774,-0.0134
PRK,0.0567,-0.0108
EFSC,0.0641,-0.0377
BOH,0.0807,-0.0001
NWBI,0.0612,0.0479
IBN,0.0554,0.0247
HBAN,0.0312,0.0392
STT,0.0473,0.0209
ALLY,0.0608,0.1071
TRV,0.0322,0.0672
WRLD,0.0802,0.1732
SLB,0.0278,0.0222
RF,0.0471,0.0373
FITB,0.0306,0.0292
CMA,0.0461,0.0059
BANR,0.0373,-0.0102
PPG,0.036,-0.0246
FPH,0.0308,0.0337
OCFC,0.0511,0.0622
BANF,0.0263,0.0008
MCB,0.0589,-0.0217
JBHT,0.045,0.009
OZK,0.0382,0.0443
INDB,0.0285,-0.0133
FNB,0.0344,0.0207
CVCY,0.0191,-0.0153
TSM,0.0441,0.0979
WABC,0.022,-0.0146
MTB,0.0335,0.0147
BIRK,0.0952,-0.0772
TCBI,0.0458,0.0243
IIIN,0.0594,-0.0529
FHN,0.0419,0.0506
TFC,0.0341,0.0056
FAST,0.0382,0.0718
SIFY,0.0465,-0.1114
CBSH,0.0193,0.0214
WNS,0.0367,-0.0309
HOMB,0.0311,0.026
NTRS,0.0481,-0.0245
KEY,0.0432,-0.0462
KMI,0.0212,-0.0142
AA,0.073,-0.0158
DFS,0.0625,-0.108
WTFC,0.0254,0.0266
FUL,0.0418,0.0173
SNV,0.0396,0.0462
GMGI,0.0797,0.0664
CTBI,0.0222,-0.0151
PLD,0.0292,-0.0239
MANU,0.0136,-0.058
USB,0.0392,-0.0135
SCHW,0.0481,-0.0134
NUZE,,-0.079
CFG,0.0515,0.017
MULN,0.1807,-0.0997
WAFD,0.0221,-0.0413
PNFP,0.0473,0.0051
HWC,0.0564,0.0047
FULT,0.0406,-0.009
NIC,0.0297,0.0636
PRGS,0.0584,0.0548
LOOP,0.086,0.0137
IBKR,0.0423,0.0231
FBK,0.0475,-0.0394
GS,0.0312,0.0071
MBWM,0.0529,-0.019
MS,0.0359,-0.0416
APLD,0.1797,-0.2617
BMRA,0.1361,0.0198
HDB,0.0244,-0.0671
GNTY,0.0503,0.0455
PNC,0.0378,0.0007
FNGR,0.1164,-0.0438
TRX,0.037,-0.0493
PCYO,0.0444,0.002
LEDS,,-0.0033
DAL,0.0387,-0.0897
BK,0.0428,0.0402
C,0.0396,0.0104
WFC,0.0299,-0.0334
BLK,0.025,0.0088
UNH,0.0246,-0.0337
JPM,0.0282,-0.0073
UNTY,0.0573,0.0112
BAC,0.0329,-0.0106
WIT,0.0236,0.1695
BBCP,0.1102,-0.0038
UONEK,0.0928,0.0
INFY,0.0684,0.0398
UONE,0.1292,-0.0298
RELL,0.1037,-0.1904
KBH,0.0601,-0.0123
WDFC,0.0675,0.1521
SAR,0.0464,-0.0988
AEHR,0.2064,-0.1682
VOXX,0.1426,-0.1235
PKE,0.0619,0.0113
ETWO,0.1902,0.0859
AZZ,0.0599,-0.0042
SGH,0.15,0.1034
CAMP,0.177,-0.2251
PSMT,0.07,0.0491
SNX,0.059,0.0025
MSM,0.0413,-0.0313
AYI,0.067,0.1148
NEOG,0.0813,-0.0837
ACI,0.037,0.0048
TLRY,0.1589,-0.0983
JEF,0.05,-0.0204
ACCD,0.1822,0.29
ABEV,0.0368,0.0036
SEED,,0.0
STAA,0.1116,0.1152
CMC,0.0636,0.0749
HELE,0.0947,0.0447
ANGO,0.1672,-0.1987
AUPH,0.1796,0.0231
STZ,0.0345,0.0215
GBX,0.1238,0.0505
FC,0.1716,0.0328
NWTN,,-0.0026
RPM,0.0577,-0.0301
WBA,0.0843,-0.0512
AVNS,0.0627,-0.1723
CAG,0.0397,-0.0191
RDUS,0.0776,-0.0769
SMPL,0.0954,0.0783
LNN,0.0815,0.0688
LW,0.0628,0.0031
RGP,0.098,-0.0241
CALM,0.0856,0.0262
SLP,0.1102,-0.05
AGFY,,0.0195
UNF,0.0592,-0.0695
CTXR,0.1048,0.069
PT,,-0.0177
SWVL,,0.3607
ANTE,,-0.0036
NEGG,0.0903,0.0513
CVM,0.2742,0.03
LMNR,0.1359,0.0688
AVO,0.1357,0.0658
AIR,0.0831,-0.102
NKE,0.0664,-0.1183
PAYX,0.0533,-0.0701
KMX,0.094,0.0518
CTAS,0.0515,0.0655
APOG,0.0824,0.0307
CCL,0.08,0.062
CUK,0.1123,0.0581
MLKN,0.1445,-0.031
ISSC,0.0988,0.0312
BB,0.1008,-0.1268
MU,0.0574,0.0863
GIS,0.0427,-0.0357
TTC,0.073,0.0894
OCC,,-0.0143
WGO,0.0854,-0.0558
SCS,0.1267,0.1094
EVAX,0.2208,0.0691
FDX,0.051,-0.1205
EPAC,0.0933,0.0211
WOR,0.1002,-0.0232
ACN,0.0415,-0.001
FCEL,0.1599,-0.0458
OGI,0.1191,-0.0305
FDS,0.0546,-0.0214
HEI,0.0593,0.0012
QIPT,0.2241,0.0152
CONN,0.1773,0.3368
EBF,0.0503,-0.0594
COE,,-0.0251
RCAT,0.4451,0.0077
ENZ,0.1494,0.015
BANX,0.0714,0.0078
DRI,0.0408,-0.0037
NX,0.0679,-0.1092
RFL,,0.0
COST,0.0317,0.0445
LEN,0.0471,-0.0357
SCHL,0.0918,-0.1162
NMTC,0.0568,-0.1105
IPA,0.0776,0.2083
JBL,0.0518,0.1312
STCN,,0.0408
MIND,0.0723,-0.1697
ZDGE,0.0484,0.032
OPTT,0.0576,0.1302
STRM,,0.0714
KNOP,0.0715,0.0939
ADBE,0.059,-0.0635
NDSN,0.04,0.0386
REVG,0.0965,0.0891
ICLK,0.0719,0.0053
ABM,0.0602,0.179
CGNT,0.1674,0.0122
PLAB,0.0978,0.2131
MAMA,0.0493,0.0386
CSBR,0.2074,0.0542
SST,0.1403,-0.1357
EPIX,0.0681,0.028
ORCL,0.0617,-0.1244
CASY,0.06,-0.0042
UEC,0.0669,0.0059
QD,0.0672,-0.0054
PPIH,0.0978,0.1394
MOMO,0.1124,0.0959
COO,,-0.0288
CURV,0.1642,0.1663
CMTL,0.156,-0.2968
SMAR,0.1219,-0.0163
LULU,0.0636,0.0537
RH,0.0928,-0.14
AVGO,0.035,0.0239
GNSS,0.0825,-0.0407
DLNG,0.0679,0.0312
GWRE,0.0898,-0.0097
MTN,0.0542,0.0412
DOCU,0.0954,0.0483
CDMO,0.1473,-0.1229
HCP,0.1571,-0.1643
PL,0.1156,-0.0545
FIZZ,0.0686,-0.0557
DOYU,0.0757,0.0235
CIEN,0.0933,0.012
HOFT,0.0829,0.104
GMS,0.0659,-0.0349
MEI,0.0759,-0.0927
DG,0.0828,-0.0121
KALV,0.0871,0.0
SCWX,0.086,0.0222
BNED,0.2581,0.2095
BASE,0.1617,-0.0221
YQ,0.1277,-0.2222
GEF,0.0595,-0.0334
BRZE,0.1218,-0.0344
VRNT,0.1156,0.1902
VEEV,0.0835,-0.0305
CHWY,0.1487,-0.0062
AI,0.1347,-0.1077
LAKE,0.0916,0.0324
SPWH,0.1548,-0.2162
OXM,0.0884,0.0386
SMTC,0.1716,0.1629
NAPA,0.0977,-0.1205
MNR,,-0.0162
CXM,0.118,-0.3347
GME,0.205,0.1024
CHPT,0.2497,0.0976
AGX,0.0645,-0.1238
LGHL,0.3724,0.2826
WLY,0.0878,-0.0105
OLLI,0.0953,0.0014
KFY,0.064,-0.0313
MNY,0.3273,0.0515
VNCE,,-0.0234
THO,0.0879,0.0145
LOVE,0.1455,0.1232
UNFI,0.1923,-0.0686
VRA,0.1116,0.0636
CPB,0.0477,0.0711
PLAY,0.1332,0.0441
TOL,0.0472,0.0194
SFIX,0.1683,-0.0336
ASAN,0.1521,-0.1669
DSGX,0.0613,0.0065
AVAV,0.1002,-0.1015
BOX,0.0912,-0.1019
OOMA,0.0922,-0.0928
S,0.1486,0.166
SKIL,0.3707,-0.0662
MDB,0.109,-0.1066
HQY,0.0891,0.0045
YEXT,0.177,-0.2111
PHR,0.2182,0.2122
RENT,0.1275,-0.0592
HOV,,0.089
CRMT,0.2188,-0.1799
SIG,0.0938,0.0589
LE,0.1932,0.0962
JILL,,-0.0884
CNM,0.0667,0.0103
DBI,0.1664,-0.3333
FERG,0.0515,0.0348
DAKT,0.1244,-0.1415
NIO,0.1082,0.015
SJM,0.0581,0.0328
AZO,0.0461,0.0026
GIII,0.1262,-0.0133
GTLB,0.1734,0.1145
IDT,0.0965,-0.0129
CULP,0.0807,0.0968
JOAN,0.1838,-0.3703
HTOO,0.212,0.1182
SAIC,0.0582,0.1341
HUT,0.1503,-0.074
GCO,0.1454,-0.1608
BMO,0.0384,0.0235
IOT,0.1858,0.256
ESTC,0.1399,0.3713
ZUMZ,0.1113,0.1197
DOMO,0.1568,0.0727
MRVL,0.0789,-0.0526
PATH,0.1099,0.2672
GCT,0.1207,0.214
AMBA,0.109,-0.0034
AOUT,0.1208,-0.0221
DELL,0.0657,-0.0519
AMWD,0.0921,0.1544
TLYS,0.1074,-0.0133
PD,0.138,-0.0032
ULTA,0.0643,0.1081
TD,0.0352,-0.0051
MOV,0.1052,-0.0977
BBW,0.1312,-0.0446
YI,0.1262,-0.0744
DLTH,0.1444,-0.0253
FRO,0.078,-0.0614
ASO,0.1021,0.0065
REX,0.0947,0.3288
EXPR,0.2356,-0.1217
BIG,0.2512,0.0979
TITN,0.138,-0.1028
RY,0.0327,0.0352
SNT,,-0.0173
REE,0.1929,-0.1509
KR,0.0527,0.0144
CANF,,0.0149
CBRL,0.0812,-0.1062
DOOO,0.0765,-0.1171
KIRK,0.197,0.0082
CM,0.0371,0.052
PSTG,0.0984,-0.1218
SNPS,0.0575,-0.0167
LZB,0.0966,0.1101
CRM,0.0537,0.0936
ZUO,0.1409,0.0922
NOAH,0.1071,-0.0642
FIVE,0.0652,0.0021
SNOW,0.0911,0.0705
PVH,0.0879,0.0686
YY,0.1245,-0.0016
NTNX,0.1047,0.0368
NCNO,0.1266,-0.0784
LIZI,0.1704,-0.2613
CRDO,0.1352,-0.0696
VSCO,0.1509,0.1429
HRL,0.0421,-0.0463
FL,0.1542,0.1607
WOOF,0.2033,-0.2891
OKTA,0.1166,-0.0253
DCI,0.047,0.0214
ZH,0.0945,-0.1086
NAT,0.0973,-0.0841
GB,0.1094,-0.1347
CLGN,0.1838,-0.0663
DLTR,0.0957,0.0438
PDCO,0.0749,-0.1724
BILI,0.0942,-0.1109
KEN,0.0513,-0.0031
INTU,0.0429,0.0215
CRWD,0.0677,0.104
NTAP,0.0561,0.1463
SPLK,0.0099,-0.004
PRTG,0.281,0.0
HPE,0.0744,0.0644
GRIN,0.1103,-0.01
WDAY,0.0624,0.1102
TUYA,0.2337,0.0681
ESLT,0.0577,-0.0219
NNOX,0.1463,0.0254
MYTE,0.1681,-0.0669
PDD,0.0964,0.1808
UXIN,0.2006,-0.073
LITB,,-0.009
CAN,0.2237,0.0178
BNS,0.0417,-0.0412
CTRN,0.1379,-0.1205
NNDM,0.0624,-0.0407
SDRL,0.0736,0.0564
SUPV,0.1384,0.0153
ZS,0.0883,0.0101
TIGR,0.1323,-0.0823
ITRN,0.0634,0.0225
RVSN,,-0.0056
HTHT,0.0891,-0.003
FUTU,0.0506,-0.0109
BGXX,0.2266,0.0
BMA,0.1485,0.1408
BEST,0.1083,0.0079
LX,0.1938,-0.0147
GDS,0.144,0.0191
DE,0.0477,-0.0311
GOTU,0.1827,-0.0404
BZUN,0.1446,-0.1012
JFIN,0.1791,0.0312
EH,0.1927,0.0266
BBAR,0.1397,-0.126
GES,0.1536,-0.1227
SOL,0.1525,-0.1298
DLO,0.1941,-0.0755
NVDA,0.0686,-0.0246
IDEX,0.2217,-0.07
API,0.1461,-0.0877
TDCX,0.1598,-0.006
HPQ,0.051,0.0283
JACK,0.0931,0.018
JWN,0.1236,-0.0463
SPI,0.2143,0.0276
URBN,0.0902,-0.1237
ADSK,0.064,-0.069
DY,0.1166,0.1735
DKS,0.0955,0.0217
YSG,0.1629,0.1239
GLNG,0.0714,-0.0564
IQ,0.0935,-0.0918
PPBT,0.2441,-0.0075
ADI,0.0457,-0.014
YRD,0.1225,0.065
BIDU,0.0557,0.0191
LRE,,-0.0575
TNP,0.1055,-0.0662
AEO,0.0954,-0.158
TOUR,0.1666,0.0
GASS,0.1389,0.0486
HIBB,0.1293,0.0975
ANF,0.141,0.0241
BBY,0.0729,-0.0072
MDWD,0.1537,-0.0187
KC,0.1617,-0.1234
CAL,0.111,0.0884
COSM,0.2571,-0.0636
KSS,0.132,-0.0857
GOGL,0.0765,0.1277
CRH,0.0594,0.0407
MDT,0.0361,0.046
ARQQ,0.2502,-0.0688
BURL,0.1163,0.2074
LOW,0.0441,-0.0312
GURE,0.1168,-0.0609
CNET,,0.0216
FINV,0.1212,-0.0525
KEYS,0.0841,-0.0027
MARK,0.2409,-0.1302
BMTX,0.3703,0.0449
MNSO,0.1466,-0.0965
PRPO,0.3654,-0.0027
UPXI,0.2077,-0.04
YALA,0.1304,-0.0978
AYRO,0.2869,0.029
NHWK,0.2146,-0.0868
POL,0.2588,-0.2709
TCOM,0.0845,-0.1061
ZM,0.0931,-0.0009
A,0.0803,0.0872
RNW,0.1154,0.086
PRE,,0.0151
VEON,0.1489,0.0473
YMM,0.1519,0.1541
BLRX,0.2756,0.0059
ZEPP,0.1587,0.0976
LEGN,0.1124,-0.0629
SY,0.1644,0.094
FANH,0.121,0.0103
NIU,0.1583,0.0212
ENLT,0.1104,-0.0111
RGCO,0.1067,-0.0018
NRT,0.1036,0.044
OCG,0.3901,-0.0961
UAMY,0.1515,-0.1422
TOON,0.179,0.0481
BKE,0.0527,0.0799
RHE,,0.0296
DXLG,0.0231,-0.0384
CINT,0.0762,-0.051
BTCM,0.0435,0.0
BJ,0.0855,-0.0481
AMAT,0.0498,-0.0402
AMSWA,0.0871,-0.0902
GLOB,0.0555,0.1185
CPRT,0.0481,0.0185
GPS,0.1023,0.3058
VJET,,-0.0352
QFIN,0.0435,0.0891
ZTO,0.0409,-0.062
ROST,0.0572,0.0722
GLBS,0.0337,0.1546
BRC,0.048,-0.0162
PLCE,0.1311,-0.2489
BORR,0.0375,-0.0128
SSYS,0.1113,-0.0455
NICE,0.0895,0.0897
BBWI,0.0901,-0.0681
LVTX,0.0711,-0.0068
ALLT,0.0397,-0.1598
CATO,0.0532,-0.0423
ARCO,0.0457,0.0854
DAO,0.0399,-0.0826
WMT,0.0351,-0.0809
NTES,0.0527,-0.0237
SCVL,0.0983,-0.0861
DOLE,0.0467,-0.0736
DDL,0.0389,-0.0732
JG,0.0754,-0.1111
WSM,0.0666,0.0623
M,0.1308,0.0571
GAME,,-0.0988
PANW,0.0852,-0.0542
MAXN,0.2582,-0.1492
SQM,0.0676,-0.08
GAMB,0.1096,-0.2038
MOR,0.2812,-0.1079
VNET,0.123,-0.2627
CSCO,0.0444,-0.0983
HOLI,0.0404,0.008
CAAP,0.0513,-0.0539
WWR,0.0764,0.0063
LMFA,0.113,-0.0231
WISA,0.5333,-0.103
DAVA,0.0593,0.0509
TGT,0.0777,0.1775
DGLY,0.3373,-0.0873
SYPR,0.0514,-0.0103
TJX,0.0397,-0.0332
CRWS,0.0201,0.0998
ZIM,0.1324,-0.0385
BFI,0.0929,-0.0446
GLBE,0.1148,-0.271
EVGN,0.0762,0.0457
OLK,0.0224,0.0383
JD,0.0726,0.0704
XPEV,0.0957,0.0229
ABAT,0.1122,-0.0389
MLSS,0.0778,-0.0045
JMIA,0.1309,0.0644
MOVE,,-0.121
RSKD,0.0363,-0.0643
AAP,0.1214,-0.0467
ENSV,0.0755,-0.0196
THCH,0.0688,-0.0333
BPTH,0.1093,0.0422
DSX,0.0644,0.0583
SLNH,0.1232,0.111
SHPW,0.2815,-0.2215
GROY,0.0409,0.0547
SURG,0.0952,-0.035
OMIC,0.1076,0.0705
ALPN,0.0701,0.056
CVU,0.05,-0.1003
FBIO,0.1172,0.0455
TRAK,0.0861,-0.0356
QUIK,0.1136,0.019
SGBX,0.1244,-0.0207
BEAT,,-0.0963
VBIV,0.0968,-0.0431
DLPN,0.0653,0.0268
GAU,0.0457,0.0816
FLNT,0.0698,-0.165
PSQH,0.1074,-0.0836
RVPH,0.0899,-0.0884
ASTS,0.1895,0.2361
SQFT,0.0917,-0.0847
GOEV,0.3461,0.0078
DNMR,0.124,-0.0964
BCEL,0.1283,-0.2301
VNRX,0.1035,-0.0129
GREE,0.3461,0.0232
UAVS,0.0918,0.2814
NATL,0.0827,0.0197
ABSI,0.0705,0.0
POET,0.0881,-0.0821
ICVX,0.1626,0.1481
AREC,0.0595,0.3089
PPSI,0.1187,-0.0767
AEMD,0.1033,0.0755
PHXM,0.1527,-0.1072
MNTS,0.1276,-0.0864
GETY,0.1122,-0.0157
CMCT,0.0463,-0.0196
GPCR,0.0795,-0.0983
SOND,0.1086,-0.1926
REKR,0.1729,-0.0833
IGIC,0.0812,0.075
BTCY,0.1208,0.0001
VVOS,0.1502,0.0322
ALC,0.0586,-0.0591
FIXX,0.0704,-0.1374
HOWL,0.1478,0.0
CRMD,0.3476,0.0639
CLIR,0.1103,-0.0693
NEPT,,-0.0165
MBIO,,0.0289
NGS,0.0754,0.1272
ADIL,0.1089,-0.0181
TXMD,0.0708,0.1741
YTEN,,-0.1533
TSHA,0.3475,0.2632
SLE,0.4103,0.0606
DADA,0.0724,0.0989
VWE,0.1102,-0.2066
VIEW,0.3745,-0.079
WYY,0.0439,0.0298
EGIO,0.069,0.0155
BFX,0.0676,-0.0768
SBEV,0.0826,0.064
CAPR,0.1417,0.0664
LIFW,,-0.0044
IRIX,0.0714,0.0684
XWEL,0.0754,-0.0409
TFFP,0.1075,-0.0408
VTSI,0.0884,0.1418
NU,0.0705,-0.0747
QLGN,,0.0
ASXC,0.0796,-0.0617
VRAR,0.0838,-0.0565
BHVN,0.0624,-0.0245
ARMP,0.1369,-0.1978
AREN,0.1211,-0.0155
KOD,0.0949,0.0521
INTZ,0.1278,-0.2261
AGE,,-0.0563
EAST,0.331,-0.0973
QRHC,0.0389,-0.0646
IZEA,0.0601,-0.0044
HRTX,0.0938,0.5926
KULR,0.0699,0.1783
PAVM,0.0907,0.0014
NVFY,,-0.1094
ONTX,0.0744,-0.0439
CENN,0.0903,0.0628
OTRK,0.1277,-0.0223
ARCT,0.1116,0.1608
RVP,0.0534,0.0396
SGML,0.1068,0.095
AYTU,,-0.2211
GANX,0.0774,-0.0036
GMDA,0.1407,-0.3767
GRTX,0.141,0.0279
IMUX,0.0908,0.0216
PTN,0.0995,-0.0448
CASI,0.1097,0.0112
BEEM,0.1383,0.2046
RWLK,0.0666,0.0241
ONDS,0.1473,-0.0416
LUNA,0.0774,-0.0445
LRMR,0.0962,0.0711
BETR,,-0.0783
LLAP,0.1066,-0.0487
HD,0.0402,0.054
TCRT,0.1212,-0.1059
SDIG,,-0.0265
ISUN,0.0927,-0.0924
WKME,0.098,0.0113
NPWR,0.1034,-0.1854
NOTE,0.1193,-0.3216
RNLX,0.0909,-0.3751
BCLI,0.1357,0.0022
CLBT,0.0816,0.0557
CAMT,0.0901,0.0081
TLIS,0.0996,0.3148
TIO,0.1165,0.0
URGN,0.0838,-0.0068
JAGX,0.3776,0.0694
RDI,0.0623,0.0284
PSFE,0.1455,0.2701
ENTX,0.12,0.0286
VANI,0.0844,-0.0627
VIPS,0.0854,0.035
AZUL,0.0909,0.1002
SYRS,0.0902,0.0112
TSVT,0.1263,0.0088
SHIP,0.0659,0.045
PROK,0.129,-0.05
HUYA,0.0778,0.076
TME,0.0735,0.031
RMTI,0.1225,-0.0051
HYZN,0.1287,0.3956
TERN,0.0974,0.0534
NTCO,0.0525,0.048
BTAI,0.3387,-0.2341
BKKT,0.1075,0.3683
ARBK,0.1079,0.0092
CVAC,0.0862,0.0272
IHS,0.1296,-0.0485
MGTX,0.0923,0.0233
NUVL,0.0639,0.0336
IMTX,0.0693,0.0146
ONON,0.1097,-0.0343
MGIC,0.0452,0.052
BZ,0.0755,0.0519
ACXP,0.1427,-0.0286
CSIQ,0.1108,0.0291
XNET,0.046,-0.0516
BTBT,0.0877,0.066
SE,0.1837,-0.2207
TRVN,0.0926,-0.0112
WKHS,0.1909,-0.001
PDSB,0.1229,0.1855
APVO,,0.0682
CAE,0.0647,-0.0388
ATAI,0.0786,0.0913
ADN,0.111,0.0143
ALLG,0.0893,-0.1095
ISPR,0.1709,0.5093
FATH,0.1702,-0.0397
MLTX,0.0682,0.0199
OBLG,,0.0116
AFMD,0.0977,-0.0323
XAIR,0.3479,-0.3103
LFT,,0.0151
ATEX,0.0663,0.0926
SKYX,0.4343,0.3182
UBX,0.0986,-0.0115
ALLK,0.0801,0.0167
SIEB,0.0763,-0.011
ASTC,,-0.019
SACH,0.0237,0.0353
LICY,0.0973,-0.5512
HSAI,0.1197,0.1
TIL,0.0955,-0.0542
SPRO,0.066,-0.018
INVO,0.7488,0.3416
FSR,0.1866,-0.1873
GEVO,0.1673,0.1111
XPER,0.0467,0.0886
RBOT,0.1116,-0.4263
EFTR,0.1134,0.0109
YMAB,0.0784,0.0984
TBIO,0.1284,-0.0026
CKPT,0.0991,0.0663
ACIC,0.1349,0.381
SKIN,0.2352,-0.6436
SAI,,0.0863
ENG,0.103,-0.027
DCTH,0.0622,-0.245
CARA,0.0889,-0.072
CLSD,0.1108,-0.0219
EYEN,0.0944,0.0504
ACLX,0.0559,0.0433
ACTG,0.0376,0.0165
GRND,0.158,0.1572
AFYA,0.0421,0.0239
AP,0.0833,0.0036
MKFG,0.11,0.1262
BTTR,0.1621,-0.0467
MRAI,0.4666,-0.0002
SELF,0.0247,-0.0153
TURN,0.0341,0.0434
HOFV,0.356,-0.01
ORGS,0.1294,-0.0147
NRBO,,-0.0194
ICMB,0.0642,-0.0085
NVGS,0.0771,-0.0077
LU,0.0732,-0.1916
RUM,0.1667,0.0533
OPAL,0.1029,0.0207
XGN,0.1317,0.1644
RYZB,0.0857,0.0599
NRXP,0.0959,0.0432
ALXO,0.0914,0.0474
FFIE,0.1956,-0.0542
ICAD,0.105,-0.0699
SALM,,-0.2108
RVYL,0.5691,-0.0874
DFLI,0.1309,-0.2208
DMAC,0.0968,0.0684
CNTA,0.0906,0.0625
PRSO,0.1716,-0.0377
KZR,0.0926,0.076
DRRX,0.3993,0.0346
HROW,0.1316,-0.3601
FBRX,0.072,-0.0947
ACOR,0.3671,0.0355
QUBT,0.102,0.0027
XP,0.0862,0.0077
OWLT,0.2834,-0.0761
BIOR,0.1261,-0.0219
SASI,0.1312,-0.0322
USEG,,0.0439
ENVB,,-0.0132
IGMS,0.0949,0.0409
OCFT,0.0822,0.0561
AWH,,-0.086
ASUR,0.0842,-0.2021
MTEM,0.3146,-0.025
DSGN,0.0629,0.1171
VEV,0.092,0.0387
VRDN,0.0698,0.0879
SCYX,0.0603,-0.0029
SBLK,0.0457,0.0227
STRO,0.0886,0.1449
AGRO,0.0474,0.0039
DAC,0.0477,0.0647
KRON,0.1083,-0.0074
WULF,0.1278,-0.047
CYCC,0.1068,-0.3554
GRCL,0.1117,0.0432
ORTX,0.0333,-0.0019
RLX,0.0644,0.1463
NABL,0.0671,-0.1496
ATXS,0.0906,-0.0239
AKRO,0.086,0.0028
EARN,0.0375,-0.0018
RAPT,0.0845,0.0324
GALT,0.0669,-0.0714
NXU,,0.0107
ALUR,0.1044,0.0168
KALA,,-0.0065
SNDL,0.1272,0.1189
VCNX,0.1216,-0.0055
PASG,0.0915,0.0
DXYN,0.1411,-0.077
HSIC,0.0653,0.0535
IGC,0.1056,0.0407
TSEM,0.0801,0.0387
GENI,0.1134,-0.0247
ABOS,0.1125,0.0684
FTRE,0.0821,0.0961
ABEO,0.0903,0.1002
OCUP,0.1305,0.0177
MMAT,0.1334,-0.098
MNDY,0.1392,0.105
BWEN,0.129,-0.2746
ROIV,0.072,0.0272
BNTC,0.4105,0.0117
MIST,0.122,-0.1959
KMDA,0.0768,0.0235
RPHM,0.1351,-0.0234
IMMR,0.0323,-0.0641
VYNE,,-0.0085
VIRI,0.1605,-0.1054
ANNX,0.1174,0.0635
CELC,0.0833,0.0111
PPTA,0.07,-0.0485
AKTS,0.1353,0.0568
AMPS,0.1222,-0.116
IMCC,,-0.011
LPTX,0.1358,0.0362
BOC,0.0402,0.0049
ATOS,0.0819,-0.006
PLSE,0.0946,0.0484
STNE,0.1173,0.1287
AU,0.0542,-0.0445
XBIO,,-0.0136
AQN,0.0364,0.0036
AUMN,0.587,0.0674
SUNW,0.1388,-0.1009
MAG,0.0566,-0.0198
SHCO,0.0878,-0.211
TCON,0.3388,0.4394
CWCO,0.0796,0.1075
TG,0.0517,-0.009
LNW,0.0663,0.1121
TEO,0.0807,0.0037
DV,0.1242,0.0563
RCEL,0.1207,0.1427
FDMT,0.1159,0.0524
ORGO,0.212,0.1117
TACT,0.0814,0.0974
EVLV,0.1829,-0.0793
EPSN,0.0387,-0.0505
WINT,,-0.0114
ACHR,0.133,-0.0551
TISI,,-0.0922
ETON,0.1234,-0.1523
NKTX,0.1843,-0.0098
AIRG,0.0779,-0.4597
OSS,0.086,0.0203
CUE,0.1428,0.1133
TNXP,,-0.0021
LILA,0.0375,0.1252
SENS,0.1901,0.0199
WATT,0.1208,-0.2602
PMD,,-0.0329
VZIO,0.1325,0.2652
EVBG,0.124,0.0372
STN,0.0547,0.0898
PLUG,0.1252,-0.4047
IVVD,0.1135,0.0
FF,0.0407,-0.0748
LEGH,0.0828,0.206
GDOT,0.1181,-0.3441
QSI,0.1131,0.0677
GRNT,0.0594,0.0118
LFLY,0.4503,0.0267
GHRS,0.1638,0.0327
ELDN,0.1564,0.0087
DPRO,0.1087,-0.0174
ORGN,0.1554,-0.1829
ERAS,0.1013,0.0
OMER,0.1514,-0.0079
IAG,0.0617,-0.0087
MNTK,0.0964,-0.3682
BRCC,0.1202,0.0762
SVRA,0.0773,0.0176
LGMK,0.3587,-0.1022
LAW,0.1734,0.0154
ELVN,0.111,-0.0147
GBIO,0.1563,0.1058
BHR,0.058,0.0048
VYX,0.0698,-0.0136
HFFG,0.1052,0.0187
SKYH,,0.1068
AVPT,0.0898,0.1053
JYNT,0.091,0.1289
BURU,0.1865,-0.4403
AURA,0.1182,0.0954
TMCI,0.1233,-0.379
WPM,0.0258,0.0012
GROV,0.1725,0.0879
ENSC,,-0.0589
VTGN,0.1339,-0.1107
OPFI,0.1385,0.0378
UGRO,0.1127,0.0308
TELA,0.0847,-0.1937
AAOI,0.1867,-0.0405
CPSS,0.0629,0.0103
ONCT,0.1266,-0.033
HUMA,0.143,0.0633
APTO,0.3301,-0.2438
BOLT,,-0.0102
HARP,0.4338,-0.0016
BLNK,0.1178,0.248
ARLO,0.1744,-0.0701
RPAY,0.0602,0.0438
MVST,0.0936,0.1165
RILY,0.1855,-0.1487
BW,0.1014,-0.5455
TARS,0.0721,0.122
CLVR,0.1667,-0.095
CBL,0.036,0.0187
ADPT,0.1618,-0.1818
WEST,0.0614,-0.1159
VATE,0.1148,0.0654
RAIN,0.0903,0.0485
APRE,0.4065,-0.0519
WRAP,0.1894,0.0699
PHUN,0.0361,-0.1245
ADVM,0.144,0.0291
PX,0.0539,-0.0453
CXDO,0.104,0.0971
RXST,0.1157,0.0622
DESP,0.0826,0.0029
PHIO,,0.0588
KNTE,0.104,0.025
KOPN,0.0649,0.1967
SVV,,-0.1189
VUZI,0.0868,-0.1731
SIEN,0.1566,0.3014
CCSI,0.0698,-0.0641
NVTS,0.1813,0.1002
FGH,0.1406,-0.1053
PLRX,0.0854,-0.0261
PLBY,0.1152,-0.2543
TMC,0.2113,-0.0099
TTD,0.1063,-0.1666
CBUS,0.1738,0.1976
LIDR,0.1179,-0.0343
CMPO,0.0548,-0.0903
SPRU,0.0808,0.1125
VTYX,0.1342,-0.0717
FORA,0.1005,0.0833
LCTX,0.0764,-0.028
RKDA,,-0.0346
ALRM,0.0863,0.0995
ATHA,0.0763,0.0647
HYPR,0.1342,-0.2137
SOUN,0.1354,0.0347
SBS,0.0379,0.0057
BGNE,0.0849,0.0504
PAR,0.0899,0.0927
MEIP,0.094,0.0099
CTSO,0.1157,0.0079
OUST,0.1265,0.1966
GRPN,0.2028,-0.3482
LIFE,0.073,-0.0261
CLNE,0.0898,-0.0453
ONL,0.0665,-0.004
HYFM,0.1355,0.1086
HHS,,-0.0254
CURI,0.1328,-0.0518
BRLT,0.1186,-0.137
SPRY,0.0849,0.0875
HE,0.0618,-0.1713
TPC,0.149,-0.0014
MRKR,,-0.0856
AKLI,0.1454,-0.0652
KINS,0.142,-0.0095
SLS,0.2147,-0.0023
PKST,0.1236,0.021
ACHV,0.0984,-0.0191
INDI,0.1073,0.1417
RGTI,0.2291,-0.0762
XOS,0.1457,0.309
BBDC,0.0195,-0.0479
U,0.1243,0.0701
CLPT,0.0865,-0.1771
BFRI,0.194,-0.0256
AMPX,0.1283,0.1758
RBA,0.0688,-0.1033
SONY,0.0448,-0.0664
PBR,0.041,0.016
MSEX,0.0362,-0.0022
DM,0.1805,-0.0878
OPTN,,-0.0161
XMTR,0.1508,-0.0329
AMTX,0.1548,0.0066
CABA,0.1393,0.0192
BTTX,0.1486,-0.0347
RPTX,0.127,-0.1083
IRON,0.1676,0.0138
GSL,0.0439,0.0236
WBX,0.1006,0.0379
TSQ,0.0585,0.0149
GOSS,0.1383,-0.0756
AVAH,0.162,0.0201
STXS,0.0753,-0.1065
EYE,0.1297,0.0297
EVA,0.3125,-0.7786
AEE,0.03,-0.0192
NTLA,0.1109,-0.1227
BRAG,0.0755,-0.0124
USFD,0.0491,0.0051
THRD,0.1276,-0.0033
EWTX,0.0982,-0.0729
OTLY,0.0914,-0.0812
CIO,0.0671,0.0709
MKTW,0.1358,0.0262
IMNM,0.1192,-0.0273
EXAI,0.1259,-0.0234
GDRX,0.1483,-0.1883
STNG,0.0536,0.0509
EVTL,0.1217,-0.0334
CLMT,0.1102,0.0962
NVAX,0.1542,-0.0132
OABI,0.0925,-0.0418
MOGO,0.0996,0.0
FA,0.0612,0.0142
SLGL,0.1797,0.0347
FREE,0.0751,-0.1611
KVHI,0.0667,-0.0411
SGHC,0.0694,-0.0783
LNSR,0.1189,0.1244
APLT,0.1777,-0.1039
DSKE,0.0956,-0.0201
WHF,0.0331,-0.0033
WB,0.0589,-0.0572
APYX,0.2225,-0.2029
BHIL,0.2095,-0.2392
WWW,0.134,0.0422
VIRX,0.1451,-0.147
GRAB,0.1035,0.0313
NYC,,-0.0109
XFOR,0.1291,0.0668
GLP,0.0563,0.0108
SHCR,0.0803,-0.028
PHAT,0.1243,0.0051
STTK,0.1898,-0.2321
LCUT,0.1012,0.1027
RXRX,0.1304,-0.071
WIX,0.0997,-0.0355
YETI,0.1057,-0.0066
IRWD,0.0711,0.0314
JSPR,0.1396,-0.0808
IHRT,0.0958,-0.1596
LI,0.072,-0.0434
NVMI,0.0646,0.0493
WVE,0.0965,-0.0955
OCGN,0.0748,-0.0411
REAX,0.0925,-0.0789
DDS,,-0.0538
DNUT,0.0815,-0.0655
AEZS,0.3627,0.0241
SN,,-0.0086
COMM,0.1907,0.0
PRPH,0.088,0.0782
GLUE,0.1528,-0.1057
TLS,0.1627,-0.0065
TAST,0.0848,0.2267
XERS,0.0759,-0.0884
CION,0.0361,0.037
EVOK,,0.1034
VERA,0.1538,-0.0009
SYBX,0.1847,-0.1502
OMGA,0.201,-0.0506
IMVT,0.0567,-0.0623
WD,0.065,-0.033
HOOK,0.1249,-0.1197
FVRR,0.1591,-0.0532
UTZ,0.0826,0.0
AVTX,,-0.1009
CMAX,0.1306,-0.1408
OCX,0.1896,0.2971
AGRX,,0.0354
LNZA,0.1084,0.0236
ESEA,,-0.0193
VERX,0.1378,0.2103
QBTS,0.1468,-0.1699
AMLX,0.1192,-0.3189
PMVP,0.1745,0.0215
FREY,0.085,-0.3821
NEON,0.1392,-0.0763
EDAP,0.1019,-0.2694
IPSC,0.1196,-0.1312
HBI,0.0724,-0.0521
YPF,0.0512,-0.007
SLVM,0.074,0.0386
VRCA,0.102,-0.0983
ATLC,0.1353,-0.0399
ADES,0.1066,0.0722
ACET,0.132,-0.0602
CUTR,0.2963,-0.4255
PDFS,0.0864,-0.0167
BKCC,0.0371,-0.0084
JXN,0.0809,0.122
OFIX,0.0748,-0.1037
NN,0.0978,-0.0061
VISL,0.3488,-0.1309
MGNI,0.1789,-0.0034
RBT,0.2889,-0.181
APP,0.1748,-0.011
ALTG,0.1063,0.1688
EFXT,0.0586,0.1044
FNV,0.0407,-0.0022
INFN,0.1269,0.1459
RCMT,0.1073,0.1414
MGM,0.053,-0.0114
SPIR,0.1443,-0.0021
GLRE,0.0385,-0.0193
LMB,0.1383,0.1787
NTRA,0.1415,0.098
EBS,0.195,-0.0271
CDNA,0.1617,0.139
TPST,0.3002,0.1631
MUX,0.1033,0.0913
AKYA,0.1235,0.109
ASRT,0.2088,-0.4319
PUBM,0.153,0.2364
TWLO,0.1291,0.0034
ODV,0.0773,-0.0097
NVTA,0.182,-0.3905
SILV,0.0732,0.0422
AKA,0.194,-0.1643
MARA,0.09,0.0795
AHT,0.1237,-0.1116
ENV,0.0841,-0.0867
ASLE,0.1348,-0.1274
SRG,0.0526,0.1613
JAMF,0.0822,-0.0105
GNK,0.0459,0.0679
FOSL,0.148,-0.3237
CDLX,0.2151,-0.5445
FLL,0.0793,0.1867
OBDC,0.0403,0.018
WHD,0.0604,0.0128
MAPS,0.1402,-0.0459
GRTS,0.0831,-0.0769
XENE,0.1025,-0.0669
ASMB,0.1013,-0.1248
CPSI,0.113,-0.1146
LYFT,0.1427,-0.0597
CPRX,0.1089,-0.0175
KGC,0.0436,0.0325
PSNY,0.1302,-0.0872
CERT,0.0468,0.0136
ANVS,,0.0432
RVNC,0.197,-0.1705
MVIS,0.1394,-0.0647
EQ,0.122,-0.0472
CSV,0.0404,-0.0727
SKLZ,0.1561,-0.1311
NGMS,0.0547,-0.0026
SU,0.0345,0.0357
MIMO,0.173,0.0044
LAZR,0.1443,-0.1495
GWRS,0.0588,0.0484
TNYA,0.1462,-0.0357
BTG,0.0466,-0.0194
COOK,0.1341,-0.2034
INSE,0.0843,-0.2952
AFIB,0.1677,-0.5099
SUPN,0.075,0.1114
LPSN,0.1885,-0.1107
IDN,0.1203,-0.145
KNTK,0.0512,-0.021
AQMS,0.1041,0.0211
HLTH,0.1579,-0.0037
RANI,0.1037,-0.0303
AVIR,0.0655,-0.0912
SCPH,0.1623,-0.0874
SILK,0.1354,-0.1096
PRA,0.0459,-0.2128
BNGO,0.138,-0.0221
ADMA,0.0486,0.058
GRWG,0.1163,-0.1158
STKL,0.1504,0.0964
VSTM,0.1039,-0.0566
SSSS,0.0596,-0.0079
MXCT,0.0625,-0.0328
DUOL,0.1212,0.2137
FATE,0.1182,-0.0858
SOVO,0.0238,0.0023
ORA,0.0739,0.0019
LTRN,0.1015,0.3321
SPCE,0.1341,0.1923
UMH,0.0466,-0.0156
USIO,0.1231,-0.0331
STR,0.0614,-0.0318
LVLU,0.164,-0.0955
ACNT,0.1035,0.0409
BLZE,0.1284,-0.0527
LOMA,0.047,0.0051
ZIP,0.1262,0.0026
BGSF,0.0552,0.0232
RKLB,0.067,-0.0183
HUBS,0.1094,-0.0611
HNST,0.0656,0.2333
SPNT,0.0625,-0.0514
HBM,0.0618,-0.0333
ZD,0.0627,-0.0075
MCHX,0.1356,0.0448
HYLN,0.1099,-0.0827
ELA,0.0784,-0.1458
SKYT,0.1407,0.0243
BE,0.1308,0.0837
MATV,0.0717,0.0379
SANA,0.1249,-0.0105
BIRD,0.1098,-0.2421
SCTL,0.1206,-0.0832
LGND,0.0728,0.0461
OSPN,0.085,0.0946
BYND,0.1417,0.0257
EE,0.0694,0.0786
MRCC,0.0453,0.0057
CENX,0.1025,0.0295
DYAI,0.141,-0.0476
ATER,0.1444,0.0339
GPRK,0.0585,0.0815
PTMN,0.0634,-0.0213
OR,0.0404,0.0487
CDE,0.1023,-0.0478
SMSI,0.1624,-0.2925
SLDB,0.1247,-0.2366
ATRO,0.0955,-0.1341
SMR,0.1081,-0.329
CCAP,0.0262,0.0068
AMC,0.1245,-0.1368
CDRE,0.0574,0.0792
PFIE,,0.0339
BGS,0.1583,0.0069
KRMD,0.1381,-0.0731
CDXC,0.0702,-0.1125
IPI,0.097,-0.0617
IONQ,0.1605,-0.0158
LFMD,0.1436,-0.0489
MHLD,0.0715,-0.0549
GNW,0.0478,-0.0817
AMPH,0.1335,0.1539
ETNB,0.102,-0.0486
KODK,0.0503,0.0162
DNN,0.0915,0.0397
BCDA,0.131,-0.0575
SFL,0.0472,-0.0073
PAM,0.0865,-0.0187
AEVA,0.1369,0.026
AY,0.0548,-0.0557
PAYO,0.1387,-0.021
PLTK,0.1159,-0.0783
CRGE,0.1721,-0.0231
KLTR,0.0821,0.0284
NFE,0.1003,0.1661
BLDE,0.1254,0.2952
VFF,0.1153,-0.0694
AFCG,0.0757,-0.0145
STWD,0.045,0.0398
TEF,0.025,-0.0026
REFI,0.0512,0.0232
BIGC,0.1595,-0.1096
CIFR,0.1853,-0.0727
BIIB,0.0514,-0.0567
LL,0.1423,-0.1048
BXSL,0.0272,-0.0086
BEKE,0.0625,0.0102
EDR,0.0529,0.0096
BKSY,0.1244,-0.0417
CEVA,0.101,-0.0358
CRL,0.0865,-0.0374
TBLA,0.0847,0.1638
FSM,0.0761,0.0173
GCMG,0.0486,0.0213
SID,0.045,-0.0117
CCO,0.0988,0.1504
KPLT,0.4258,0.0481
TRP,0.0416,0.0061
HGTY,0.0793,0.0999
CRON,0.0696,0.0582
FTCI,0.1352,-0.6445
CSTE,0.1008,0.0024
NVEI,0.1359,0.1975
ODP,0.0683,-0.055
AVDL,0.173,0.119
DIBS,0.0804,0.0541
CGEM,0.0831,0.0081
NXST,0.0662,-0.0268
WRBY,0.1189,-0.2399
KNDI,0.1003,0.003
EVRI,0.0887,-0.0118
PYPD,0.1214,-0.013
XPEL,0.1167,-0.0882
LFST,0.1562,-0.0613
EVGO,0.1563,0.1783
LXRX,0.1286,-0.088
HLLY,0.1185,-0.0735
DCO,0.0755,0.0451
STER,0.0607,-0.0209
FOLD,0.1274,-0.0299
UWMC,0.0825,0.1417
VERI,0.12,-0.2454
SHOO,0.0711,-0.0015
TNGX,0.1215,0.0383
RPRX,0.0492,0.0025
SEAS,0.0798,-0.0161
MIDD,0.0749,0.0089
EWCZ,0.0852,-0.1096
FOUR,0.1468,0.1389
GBLI,,-0.0273
MNDO,0.0394,-0.0053
ANIP,0.0793,-0.1464
ICL,0.0478,0.0437
KRNT,0.1492,-0.0042
AVDX,0.1207,0.1519
GHI,0.0424,-0.0072
VCEL,0.0628,-0.034
HLMN,0.0507,0.0333
TPB,0.0916,0.0464
BEAM,0.108,-0.0836
IBP,0.0758,-0.0155
GTN,0.1179,-0.0766
REAL,0.1816,0.2422
VRM,0.1947,-0.2593
JHX,0.059,0.1561
EFC,0.0394,-0.0165
GMED,0.0818,-0.0069
NKTR,0.1209,-0.0876
VTRS,0.0751,0.0099
ZYME,0.0777,-0.0366
DVN,0.0536,-0.0245
JANX,0.1526,0.0091
SIGA,0.0574,-0.0659
TOST,0.1525,-0.1368
GWH,0.1443,-0.0938
TVTX,0.1693,-0.1184
EGY,0.0543,-0.0716
EC,0.0518,-0.0222
DOUG,0.0825,-0.0324
RC,0.0493,0.0121
OXY,0.0352,0.0158
CAPL,0.0435,-0.0019
ACEL,0.0668,0.0571
AMPL,0.1384,-0.0592
PGNY,0.1061,-0.0778
PETQ,0.1404,-0.031
LZ,0.1213,0.0568
ANGI,0.068,0.0602
OCUL,0.1417,-0.132
NATR,0.0818,-0.0433
MEG,0.0988,0.0332
CAVA,0.1281,-0.0772
MYO,,0.0739
FLYW,0.1454,-0.2529
AGO,0.0523,0.0238
CRCT,0.1147,-0.0862
MRC,0.1509,-0.0262
MRVI,0.1315,-0.3169
IAC,0.0882,0.0
AEL,0.012,-0.0022
PWSC,0.1135,0.0155
AGTI,0.0655,0.1293
IPAR,0.0543,0.0048
PYXS,0.1051,-0.0181
UPST,0.2326,-0.273
CLAR,0.105,-0.1172
BVH,0.0136,-0.0015
BRDG,0.0671,-0.0012
RCUS,0.143,-0.0267
AIP,0.1076,-0.2748
SB,0.0436,0.0094
DOMA,0.1589,0.0657
CIVI,0.0536,-0.0554
WISH,0.1658,0.2512
DAR,0.0799,-0.0162
UPWK,0.177,0.1052
XPOF,0.1466,-0.0667
BLND,0.1223,-0.0743
EOLS,0.1062,0.0817
CTOS,0.0541,-0.1817
PTEN,0.0788,0.0383
DAVE,,0.0289
LPRO,0.1566,-0.1044
KIND,0.1482,-0.1703
BCAB,0.1514,-0.0625
SNCR,0.1717,-0.1628
BMBL,0.1179,0.0291
AKAM,0.0669,0.0156
PRI,0.0483,0.0175
FTK,0.1001,-0.1127
FTEK,0.1002,0.07
HCKT,0.064,-0.0827
ALEC,0.1018,-0.073
CRVS,0.1545,0.0127
RXT,0.1684,-0.0179
GPMT,0.0709,-0.0085
EXR,0.0627,0.1057
STKS,0.1136,-0.0152
ESGR,0.0299,0.0032
VOR,0.165,-0.0653
JRVR,0.0848,-0.07
NEWT,0.1037,-0.0723
ONTF,0.0476,0.045
VCSA,0.138,-0.1405
BHF,0.0677,-0.0271
BODY,0.1631,-0.0607
CRBU,0.0985,-0.0503
BDSX,0.1941,-0.1014
VTEX,0.0725,0.0904
PRCH,0.1404,0.3435
ESTA,0.1888,-0.232
IRBT,0.0743,-0.0428
ENVX,0.1622,0.1475
MOS,0.0528,0.0263
SSTI,0.1612,0.0867
PCT,0.287,-0.1468
NRC,0.054,-0.0089
TCN,0.0393,0.0182
NDLS,0.0873,0.1273
DERM,,0.0962
CRNX,0.0875,-0.0362
CNNE,0.0621,-0.0298
NCMI,0.1601,0.1183
FRGE,0.1231,-0.0043
ODD,0.1416,-0.0516
RIVN,0.1504,-0.0241
PRIM,0.0706,0.0346
SNPO,0.1052,-0.0307
LYEL,0.1085,0.0444
OLMA,0.1324,0.0313
DVA,0.089,0.0589
INGN,0.1147,-0.0114
PAAS,0.0667,-0.0914
SLRC,0.0326,0.0058
SMWB,0.1112,0.0219
KVYO,0.1268,-0.1529
NRGV,0.201,0.2795
BROS,0.1242,0.009
ELMD,0.0981,0.0209
DDD,0.1277,0.0261
GNL,0.05,-0.0154
IOSP,0.0579,0.0197
PAYS,0.0563,0.1353
HEAR,0.1497,0.1264
MASI,0.1672,0.0371
BBAI,0.1082,-0.0449
MLYS,0.1322,-0.0674
OM,0.1939,-0.1439
GSM,0.0722,0.0538
PFMT,0.1039,0.1726
TKO,0.0585,-0.0124
PNTG,0.1056,0.0805
MQ,0.1504,0.1869
SHLS,0.157,-0.1004
AMBC,0.0835,0.0737
SNBR,0.2182,-0.2907
COLL,0.0531,0.066
WTI,0.1009,-0.0157
XNCR,0.058,-0.0701
FOA,0.1286,-0.2826
RYAM,0.1237,0.0164
LYRA,0.1497,0.0
LAB,0.098,-0.0452
NRDY,0.1048,-0.1774
OSUR,0.043,0.0287
CPNG,0.0911,-0.099
FNA,0.0853,-0.0715
SND,0.0834,0.0254
CRSR,0.0992,-0.0502
SGHT,0.1822,-0.019
OVV,0.0642,-0.0151
CARG,0.1178,0.0436
MBC,0.0487,0.0104
HOOD,0.0942,-0.1429
LDI,0.108,0.0839
CASA,0.1587,-0.2729
CTMX,0.0884,-0.0234
CGBD,0.0399,-0.0028
EBAY,0.0704,-0.0201
CBAY,0.1224,-0.045
IOVA,0.1417,-0.0347
SEER,0.0985,-0.0523
GXO,0.06,0.0375
RWAY,0.0634,0.02
LAAC,0.1225,0.0202
FSP,0.0691,0.1134
EHAB,0.0544,0.1602
JBGS,0.0592,0.0102
HCI,0.1781,0.2152
TFPM,0.0506,-0.0171
GSBD,0.0311,0.0028
GIFI,0.0659,-0.0651
PSNL,0.1616,0.2152
ZLAB,0.0969,0.06
SLDP,0.1113,0.0621
MNKD,0.0982,-0.0395
INVE,0.0998,-0.1628
MITT,0.0736,0.0135
SLRN,0.1309,-0.087
GO,0.0828,-0.046
DNLI,0.068,-0.0495
CTKB,0.0872,0.1236
APLE,0.0319,-0.0546
NHI,0.0506,0.0218
ARRY,0.1841,-0.1762
BRP,0.0832,-0.1207
PR,0.0768,-0.033
EXFY,0.1826,-0.369
DOOR,0.0639,-0.0422
USPH,0.0753,-0.0292
VGZ,0.0855,-0.0726
RDVT,0.0948,-0.0171
VCYT,0.0623,-0.0358
TKC,0.0368,-0.0023
MFIC,0.0285,-0.0067
GLDD,0.0932,-0.136
TRC,0.0241,0.0148
SHO,0.0248,0.0
APT,0.0382,0.05
MRSN,0.1453,-0.036
INSW,0.0574,-0.0183
LCII,0.0787,-0.0226
TPG,0.055,0.0298
BCO,0.0757,0.0641
CHH,0.0589,0.0203
ML,0.0901,-0.0087
AHCO,0.1477,-0.0899
TGNA,0.0611,0.0026
QURE,0.1339,0.1268
ITOS,0.0785,0.0431
FULC,0.1012,0.195
BLUE,0.1512,0.0727
ZVRA,0.1263,-0.0351
SMRT,0.1603,0.139
EXK,0.039,-0.0509
OLPX,0.0562,0.2536
CELH,0.1449,-0.0155
VERV,0.4284,0.2483
DDOG,0.1249,0.2847
XOMA,0.0633,-0.0644
ELAN,0.1086,0.1432
MSC,,0.0152
CNHI,0.0237,-0.1058
BHG,0.1021,0.0093
SAGE,0.188,-0.0475
STIM,0.0709,0.0811
ADCT,0.0903,-0.1597
INZY,0.0845,0.0702
PRAX,0.0812,0.0651
MPLN,0.0673,-0.0649
EVRG,0.0457,-0.0118
AGEN,0.0731,0.0494
NERV,,-0.0259
PAX,0.0767,0.0111
GBTG,0.0422,0.024
NOVT,0.0615,-0.1351
SLNO,0.1242,-0.0048
PLL,0.1005,-0.0153
OXSQ,0.0269,-0.0101
VPG,0.0562,-0.0997
GOGO,0.1385,-0.0546
BSY,0.0687,0.084
OCN,0.1039,-0.0167
SQSP,0.0967,-0.0143
PLNT,0.0941,0.1341
UTL,0.056,0.0247
ABUS,0.0878,-0.016
GFS,0.0902,0.0505
DK,0.0769,0.0132
SRRK,0.1497,0.0148
SGRY,0.1168,0.1399
FIS,0.0838,-0.012
ASC,0.0855,-0.0411
PMTS,,-0.1031
ESPR,0.1697,0.0774
NTWK,0.0763,0.105
VST,0.0545,-0.0164
ARVN,0.1051,0.0508
BITF,0.1114,0.0086
TWKS,0.0497,0.1409
PRGO,0.1193,0.0404
LQDA,0.0406,0.0366
RYTM,0.1287,-0.0052
AXGN,0.123,0.369
VTNR,0.1914,-0.0492
AMRX,0.0571,0.0238
DTC,0.0471,0.1899
HBIO,0.0592,-0.0116
MLCO,0.089,-0.1538
CLNN,0.0701,0.0802
MRNS,0.1139,-0.0136
SWIM,0.1232,0.0779
SEAT,0.0354,0.1584
DTIL,0.0704,-0.0248
SAVA,0.1112,0.043
EXPD,0.0502,-0.0098
HRT,0.1266,0.0095
IMCR,0.1266,0.0571
IMXI,0.0283,0.1128
MASS,0.0713,0.0415
STOK,0.0596,0.1253
PRQR,0.0626,0.1066
RMBL,0.2621,-0.0327
DKL,0.0546,0.014
SMMT,0.0946,-0.1216
PINC,0.1088,0.0077
ACMR,0.1367,0.0533
OB,0.0488,-0.1367
INFU,0.0706,-0.0338
BVS,0.0889,0.0042
MFA,0.0543,-0.0051
SES,0.0779,0.0899
FSTR,0.0753,-0.0478
ZVIA,0.1861,-0.0049
ENOV,0.0685,0.0425
GILT,0.0302,-0.0639
ALT,0.3054,0.0112
GEO,0.0994,0.0547
ADV,0.0965,-0.135
ENFN,0.1499,0.0386
SOPH,0.0925,0.013
TAC,0.0537,0.0205
VHI,,0.0044
OPRT,0.1756,-0.4897
AUGX,0.1098,0.1319
CLOV,0.1559,-0.1819
TALO,0.0751,-0.0417
HPK,0.1131,-0.0514
TASK,0.1347,0.1793
PARR,0.0773,0.0034
SBRA,0.0343,-0.0007
SKT,0.05,0.0445
NNBR,0.0658,0.005
FSK,0.0245,0.0051
HL,0.0581,-0.0262
VECO,0.0862,0.0857
FGEN,0.0614,-0.0122
GT,0.1078,0.0304
CHRS,0.2254,-0.3023
MTTR,0.1324,0.2594
TDUP,0.0902,-0.3343
TCMD,0.0796,-0.2122
SIBN,0.0912,-0.0206
IFF,0.0868,-0.0104
AMPY,0.1119,-0.0608
VYGR,0.087,0.0508
ARTNA,,-0.0083
ADTN,0.1113,-0.2647
DSP,0.124,0.1171
OPK,0.0483,0.0
MYGN,0.1368,0.0869
KIDS,0.112,0.0219
AIN,0.045,-0.0251
BRT,0.0458,-0.0087
HNRG,0.1019,-0.1218
ORIC,0.0981,-0.0072
DAWN,0.1011,0.0139
VLD,0.066,0.0
HIMS,0.1869,0.1099
ALTO,0.147,-0.6073
AMRC,0.1609,-0.1488
ATEC,0.0849,0.0524
GOOD,0.0477,-0.0335
TDW,0.0859,-0.125
AIV,0.144,0.0423
AWR,0.0514,-0.0225
EVCM,0.0696,-0.1531
QTRX,0.1262,0.0218
NINE,0.1781,-0.2595
CE,0.0624,-0.0288
ATSG,0.0923,-0.2286
CXT,0.0556,-0.0754
MED,0.1147,-0.025
TDC,0.1,0.0149
GH,0.111,-0.0541
NEO,0.1267,0.142
FANG,0.0317,-0.0084
SGC,0.0838,0.0686
VMEO,0.0422,0.0627
CRSP,0.0784,0.1357
SVC,0.0848,-0.026
BCSF,0.0175,-0.0261
LAND,0.0408,0.0014
O,0.0331,0.0048
NSTG,0.0852,0.0181
RDW,0.0713,-0.0737
ARKO,0.0563,-0.0572
GORO,0.0689,-0.185
SAND,0.0551,-0.0333
VNOM,0.0546,0.0359
TRIP,0.1291,0.1099
CLLS,0.2016,-0.1341
NPCE,,-0.0181
RNG,0.147,0.0269
EOSE,0.2073,-0.2514
RCKT,0.0885,0.0271
HHH,0.0553,0.0078
DMRC,0.2166,0.0226
CRGY,0.0683,-0.0851
EVER,0.1342,0.1694
RVMD,0.0944,-0.0023
RHP,0.0417,0.0352
JELD,0.0823,0.1769
CTRA,0.0388,0.0004
ICUI,0.144,-0.1731
DCGO,0.1553,0.0534
GMRE,0.022,-0.0054
PCVX,0.0464,0.0415
AQST,0.0716,0.0491
ACVA,0.1791,-0.0042
ROVR,0.1437,0.2303
RAIL,0.109,-0.0741
WTRG,0.0391,-0.0079
PAY,0.1467,0.0696
SWAV,0.129,-0.1708
OLP,0.021,-0.0031
OLO,0.0956,-0.2564
MGNX,0.122,0.171
GATO,0.1171,-0.0285
IVR,0.0574,-0.0268
AMK,0.0247,0.0372
CCCS,0.0555,0.0697
ISPO,0.1149,-0.0803
ADEA,0.0337,0.0494
ERJ,0.0757,0.0007
OPRX,0.1228,0.1531
EEX,0.1081,-0.0583
OSG,0.0579,-0.0103
BDTX,0.104,0.0053
BNTX,0.079,0.041
MDGL,0.086,0.0033
NSPR,0.2318,-0.0305
TGLS,,-0.1205
AL,0.0659,0.0092
XXII,0.1679,-0.1089
FRPT,0.1047,0.1691
JBI,0.0924,-0.0218
KOS,0.0791,-0.0661
AXSM,0.0937,-0.0418
GOL,0.1313,-0.0756
LINC,0.0826,0.0882
GNE,0.0981,0.135
CEG,0.0499,0.0654
PHIN,0.0782,-0.0183
IDR,0.0572,0.0355
KNF,0.0777,0.0777
KROS,0.1149,-0.0078
ACRS,0.6109,0.0205
TSAT,0.1295,-0.0756
ES,0.0473,0.0204
THS,0.0856,-0.1031
KRYS,0.1258,-0.1505
FENC,0.0959,0.1536
ZNTL,0.174,-0.302
HGV,0.0688,-0.0805
KXIN,0.3192,0.0029
SOLO,0.1287,-0.0376
TSE,0.1561,-0.0271
PRME,0.1065,-0.0051
YORW,0.0407,0.0339
ARQT,0.2423,0.1016
NRP,0.1082,-0.0435
ACIU,0.1468,-0.049
OMI,0.1762,0.2675
ASIX,0.087,-0.0496
NWN,0.0392,0.0502
LSXMA,0.0752,0.0137
IEP,0.1239,0.1308
ACRE,0.0479,0.0305
D,0.0522,0.0613
TILE,0.0822,0.017
INTT,0.1122,-0.0366
LLYVA,,0.0401
BATRA,0.0512,-0.0103
LSXMK,0.0684,0.014
QSR,0.0507,-0.0005
CNK,0.1032,-0.0179
ATMU,0.1243,0.0206
QRTEA,0.1641,0.5379
SHEN,0.0699,0.0253
TARA,0.1495,0.1157
BATRK,0.0474,-0.0094
FLR,0.0899,0.0741
SRE,0.0369,0.0037
LBRDK,0.0589,0.0049
BLMN,0.0829,0.0025
MORF,0.1038,0.0815
FWONA,0.064,-0.0107
LBRDA,0.0389,0.0054
FUBO,0.1392,0.0969
NHC,0.0395,0.0416
USM,0.1581,0.0462
CRBG,0.0564,0.0052
PRVA,0.1293,0.1423
OVID,0.1015,0.0085
EAF,0.0787,-0.1235
FLGT,0.101,0.1319
HR,0.0602,-0.006
GLYC,0.1151,0.0547
MMI,0.0526,0.0701
EDIT,0.0621,0.1838
TDS,0.1699,0.0251
FWONK,0.0736,-0.0062
SMLP,0.1139,-0.002
AXL,0.1044,0.1138
SFE,0.142,0.0
BZFD,0.1549,-0.11
ALTR,0.1008,0.1122
OPEN,0.1874,-0.05
KURA,0.1177,0.0908
DOCN,0.1808,0.1668
MRUS,0.1084,0.1345
OLED,0.0897,0.035
VXRT,0.1449,0.0511
YELP,0.0904,0.0453
CERS,0.1232,0.0812
ZEUS,0.0663,-0.0671
MNMD,0.1999,0.1444
AXTI,0.0836,0.1658
PEN,0.1031,-0.0037
NMFC,,0.0055
PRDO,0.0789,-0.0561
VIR,0.1474,0.0696
HIPO,0.1041,0.2104
ANIK,0.0888,0.1163
MERC,0.1347,0.1345
CVNA,0.1795,0.1394
HTGC,0.0566,-0.0149
GDDY,0.0582,0.1503
FIGS,0.1882,0.2117
RLAY,0.1181,0.0162
MACK,0.0415,0.0105
RYAN,0.0752,0.021
UDMY,0.0801,0.3803
VTLE,0.0823,0.0249
III,0.0563,0.0461
CMBM,0.1275,-0.0654
MYPS,0.1399,-0.0997
HLIO,0.0781,-0.1369
OFS,0.0502,0.01
DVAX,0.103,0.0114
MODV,0.1195,0.1144
PRTA,0.1471,0.0741
EXPI,0.1456,0.0165
PROF,0.1257,0.1321
EGLE,0.0714,-0.005
INSG,0.1564,-0.2825
MCW,0.1217,0.1738
NVEE,0.0657,0.0255
LYV,0.0859,0.0348
KTOS,0.0987,-0.0331
RARE,0.0945,0.0633
COLD,0.0701,-0.0307
NL,0.094,0.0
FDUS,0.0408,0.0258
OEC,0.0901,0.0325
TPIC,0.1815,-0.158
PODD,0.1485,0.1545
NXTC,0.1427,0.0172
INOD,0.2737,0.0967
MBI,0.106,-0.0883
PXD,0.012,-0.0097
TSLX,0.041,0.0195
DBX,0.0657,-0.0166
MNST,0.0642,0.0547
AMN,0.0947,-0.0744
FIVN,0.151,0.1227
SM,0.0873,-0.016
DKNG,0.1079,0.1647
FET,0.0716,0.0836
PBYI,0.1385,0.1076
PBA,0.0387,0.012
ICFI,0.0599,0.0048
LASR,0.1301,0.0958
EVC,0.0742,0.123
UPLD,0.1133,0.1505
ED,0.0348,-0.0019
HCAT,0.1246,0.0512
CHMI,0.0572,0.1097
BKNG,0.0428,0.0334
EVH,0.0931,0.1354
ARC,0.0598,-0.0022
BFLY,0.1708,0.1429
IAS,0.1192,0.1568
MP,0.1075,0.0192
SPXC,0.0701,-0.0064
WW,0.1656,-0.1084
NUVB,0.5413,0.0465
FRT,0.0432,0.0299
REI,0.0862,-0.0339
UEIC,0.1029,0.1057
MRIN,0.1498,0.02
HURN,0.0701,0.0174
SQ,0.105,0.1069
LOCO,0.1204,0.0069
NGM,0.1743,0.0521
CLDX,0.2809,0.0825
ACCO,0.0796,-0.0137
LOPE,0.0715,0.1241
SG,0.163,-0.0991
ANAB,0.0918,0.0834
COIN,0.0721,0.0139
VTR,0.0489,0.0018
AGL,0.1252,-0.1061
VEL,0.1093,0.1163
SEM,0.0934,-0.03
IRTC,0.1314,0.0538
COHU,0.0939,0.0026
ALLO,0.0987,0.182
KRO,0.0834,0.0795
STEM,0.1358,0.0731
RDFN,0.1433,0.1977
BECN,0.065,0.0106
SPT,0.1499,0.0992
CPK,0.0564,0.0143
AMH,0.0553,0.0576
ABCL,0.1483,0.0562
FOXF,0.0865,-0.2725
MIRM,0.1525,0.0578
AES,0.0764,0.0832
LBPH,,0.0073
ALGS,0.2036,0.0136
BL,0.1159,0.0851
APPN,0.1153,-0.042
GDYN,0.1306,0.0917
TRUP,0.224,0.143
CSTL,0.1251,0.0799
MTZ,0.0859,0.0426
GDEN,0.0967,0.1597
PTGX,0.0855,0.0805
MG,0.1017,0.102
ALEX,0.0613,0.047
ERO,0.0998,0.009
CODI,0.063,0.0648
CYTK,0.1103,0.0494
DMTK,0.3962,0.0571
GLPG,0.0465,0.0733
SWN,0.0396,0.0258
HASI,0.1256,0.2315
DH,0.1249,0.2007
CHUY,0.0946,0.0056
BOOM,0.1361,-0.0991
RMAX,0.1224,0.0104
CLPR,0.0933,0.0167
FND,0.0987,-0.0464
SNDX,0.1369,0.0027
CUBE,0.0494,0.0408
ALHC,0.1117,-0.052
EOG,0.0335,0.0352
REFR,0.1665,0.0198
FNKO,0.197,0.1667
ACAD,0.1008,0.047
CDXS,0.1125,0.0663
ACHC,0.0645,-0.0141
WLDN,0.1189,0.1032
LNT,0.047,0.0167
CDTX,0.1507,-0.0616
SBAC,0.0567,0.0446
PLYA,0.0817,0.0376
AJX,0.0815,0.0348
DMLP,0.0631,0.037
IBOC,0.0597,0.0292
MGEE,0.0361,0.0269
LNG,0.0305,0.0007
TAP,0.0604,-0.0058
CRAI,0.0761,-0.1412
PTLO,0.1115,0.0777
KTB,0.0917,0.048
WCC,0.1142,0.038
PLYM,0.0364,0.0261
APG,0.0835,0.0667
GCI,0.1032,-0.1348
STGW,0.1419,0.057
GERN,0.1507,0.0052
OGE,0.0376,0.0043
SEE,0.0907,0.0857
VITL,0.1232,0.0106
ARHS,0.1601,-0.0238
AMR,0.0833,-0.0246
COGT,0.1914,0.0427
LAMR,0.0605,0.1242
PNW,0.0413,-0.0168
SHOP,0.0979,0.2238
CNQ,0.0506,0.0513
UPBD,0.0937,0.0597
TCPC,0.0474,0.0506
IMGN,0.1436,0.0371
KRTX,0.1415,-0.0234
ESMT,0.0076,-0.0009
ADT,0.0992,0.1614
AG,0.0507,-0.1435
LNTH,0.1658,-0.0586
BBIO,0.0582,0.0098
VRNA,0.1372,0.0483
CMRX,0.084,0.02
KYMR,0.2138,0.0433
TFX,0.0658,0.1146
SRCL,0.0837,0.0122
ALE,0.0451,0.0469
MGPI,0.0868,0.0384
LAUR,0.0674,-0.0853
CPE,0.0766,0.0073
DRS,0.0807,0.019
PZZA,0.0814,-0.0354
EPAM,0.0854,0.0731
JLL,0.0785,0.0701
VNT,0.0666,0.0263
BCRX,0.1415,-0.014
TNK,0.0877,0.0039
CWEN,0.0716,-0.0059
H,0.0649,-0.0174
FUN,0.0757,-0.0091
DSGR,,-0.1097
MD,0.0963,-0.1186
ALNY,0.0735,0.0289
SO,0.0213,-0.0153
PESI,0.1005,-0.0593
NKLA,0.1759,0.1143
PRMW,0.0691,0.1009
UNIT,0.1489,0.0976
HWM,0.0532,0.0789
TRN,0.0752,0.0425
AHH,0.0435,0.0119
NRG,0.0657,-0.0468
ROCK,0.0775,0.0555
SWTX,0.0915,0.054
BRKR,0.0756,-0.009
AEP,0.0466,0.0363
BHC,0.0894,0.0381
NSIT,0.0692,-0.0104
ITRI,0.1074,0.1277
WLKP,0.0414,0.0295
GLT,0.1084,-0.0307
BCYC,0.1027,-0.03
PWR,0.0948,0.0962
CLDT,0.0577,0.0
NS,0.0505,0.0494
NREF,0.0886,0.0688
TELL,0.0547,0.0641
DNOW,0.0656,-0.0447
RCM,0.1258,-0.1025
ENTG,0.1062,-0.0352
TALK,0.1072,-0.05
PENN,0.0959,0.1403
TGH,0.0206,0.0024
GSAT,0.0715,-0.0143
GOLD,0.0336,0.0012
ALVR,0.1525,0.1364
SRC,0.0476,0.0444
INMD,0.1144,0.144
GEL,0.0906,-0.0123
CCLD,0.1686,0.0388
KBR,0.0632,-0.1349
OGN,0.119,-0.1058
CIM,0.0683,-0.0878
XRAY,0.0829,-0.0749
NMM,0.0583,0.0018
SIX,0.1335,0.0638
KRP,0.0502,0.0292
CLRB,,0.0126
ZTS,0.0557,0.0
SHAK,0.0929,0.0
PARA,0.0983,0.1023
PCRX,0.0826,0.0314
MRNA,0.0821,-0.0654
WLK,0.069,0.0411
CPG,0.0746,0.0
AVNT,0.0739,0.0137
TTSH,0.1235,0.0436
TK,0.0605,-0.0136
SABR,0.1787,0.1829
DFH,0.0975,0.0801
IMOS,0.0329,0.0
PBF,0.0912,-0.0154
WEN,0.0559,0.0137
IDA,0.0393,0.0297
LSEA,0.0762,0.0141
IDCC,0.075,0.0856
CQP,0.0622,0.0273
AUTL,0.1595,0.1525
AGIO,0.0879,-0.016
GOLF,0.0728,0.0
THRY,0.1025,0.0522
STRA,0.0782,0.0398
CMPS,0.1545,0.0294
PGTI,0.08,-0.0153
NVRI,0.1339,0.0964
PPL,0.0384,0.0158
EXC,0.0432,0.0301
DINO,0.0662,0.0354
ITCI,0.1097,0.0289
GIL,0.0788,0.1575
PARAA,0.0629,0.1157
ACIW,0.0847,0.1393
CROX,0.1023,-0.0522
PGY,0.187,0.124
CVE,0.0678,0.0231
FHTX,0.1978,0.0788
IRM,0.0493,-0.0052
TRGP,0.0521,-0.0065
MAR,0.0423,-0.0163
MCRB,0.1907,-0.3522
MNTX,0.1607,0.066
VSEC,0.1129,0.0811
ATRC,0.0636,0.0446
EB,0.1346,0.0558
NARI,0.107,-0.1689
CCRN,0.114,-0.1369
AMWL,0.1412,0.1356
MAX,0.1371,-0.0522
PK,0.0612,0.0549
REZI,0.1027,0.0722
HDSN,0.1231,-0.0292
VIA,,0.2572
WEAV,0.1493,0.0
CWST,0.0612,0.0543
FCPT,0.0452,0.0187
DHC,0.1646,0.0495
SEDG,0.1122,-0.0402
CAR,0.0796,0.1407
ROOT,0.1658,0.1559
TNDM,0.1968,-0.1442
TPL,,-0.0221
LMND,0.1265,0.4709
CWH,0.1081,0.077
SBOW,0.1062,0.086
PLMR,0.0923,0.0998
CNXN,0.0748,0.0
RELY,0.1287,-0.3182
ALKT,0.1013,0.1028
PBPB,0.1112,0.1002
Z,0.0914,-0.0269
PGRE,0.0808,0.0939
MLNK,0.128,0.0567
BMRN,0.0544,-0.0518
RUN,0.1409,0.1001
ALB,0.0731,0.0142
UFCS,0.0689,-0.0385
ATUS,0.2051,0.0659
ERII,0.1134,0.2297
ALNT,0.0964,-0.1002
TS,0.063,0.0867
CPSH,0.0757,-0.0896
MRO,0.0367,0.0336
ETSY,0.1164,-0.0109
PRCT,0.1711,0.1837
BBSI,0.0763,0.0587
MRAM,0.1016,-0.1124
FSLY,0.1425,0.1551
WTS,0.0616,0.0686
LXU,0.1161,-0.0251
CORT,0.1118,-0.0993
PTVE,0.0739,0.2087
GKOS,0.1279,-0.0759
NGVT,0.0998,0.078
SMHI,0.0869,-0.0152
BFAM,0.1033,0.0907
VET,0.0831,-0.0048
RGLD,0.0551,0.0186
DASH,0.082,0.1559
RRGB,0.1651,0.0119
JAKK,0.1366,0.3482
MGY,0.0687,0.0345
JOBY,0.1249,0.1306
HCC,0.0893,-0.0193
ANSS,0.0694,-0.021
SUN,0.0325,0.0325
NUS,0.103,-0.0945
NVRO,0.0919,0.0253
INN,0.0909,0.1121
QDEL,0.0887,0.0374
RSI,0.0971,0.0593
BNL,0.0395,0.0099
SITM,0.174,0.0457
NOA,0.097,-0.009
TWI,0.1096,0.0372
EXAS,0.1026,-0.0167
MTW,0.1119,0.1373
TYL,0.0615,0.0954
KAMN,0.0702,0.041
AROC,0.0711,0.0083
PRLD,0.2104,0.1989
NSA,0.0589,0.0353
WMB,0.0221,0.031
OPAD,0.1825,-0.0433
TPVG,0.0633,0.0228
CVGI,0.1105,-0.1053
IVT,0.0536,0.0095
ZIMV,0.1291,-0.0312
PKOH,0.0815,0.2157
SRPT,0.0861,0.0162
CAKE,0.076,-0.0204
IIPR,0.0737,0.0715
ECPG,0.0877,0.1066
WES,0.044,0.0552
ZETA,0.1597,0.0479
INMB,0.1227,-0.0382
AIG,0.0383,0.0377
HST,0.0546,0.0449
CF,0.0441,0.0
NMIH,0.0706,0.016
INVA,0.0627,0.0692
SUM,0.0752,-0.0065
QTWO,0.0991,0.0
FROG,0.106,0.166
CW,0.0596,0.0193
ACA,0.0785,-0.0635
CRC,0.0602,0.0046
SBGI,0.129,0.3445
ROKU,0.1228,0.1869
BWXT,0.0549,0.0315
WSC,0.0764,-0.088
PCOR,0.1067,-0.1607
ARIS,0.1276,0.1005
ATOM,0.2049,-0.0419
NOG,0.0723,-0.0201
SGMO,0.1812,-0.2349
SAFT,0.038,0.0129
KW,0.0683,-0.0419
NYMT,0.0661,-0.0126
AUR,0.1456,0.0663
SEMR,0.1143,0.0907
VAC,0.0894,-0.0721
INFA,0.1013,0.179
AWRE,0.1598,0.4857
VMD,0.0707,0.1219
RGR,0.0682,-0.1633
TIPT,0.0787,0.1216
ET,0.0217,0.0354
GFL,0.0543,0.0062
ASPN,0.1534,0.0571
NTR,0.046,0.0225
AWK,0.0539,0.0485
APA,0.0519,0.002
BCOV,0.0912,-0.081
SP,0.0317,0.0071
IR,0.0603,0.0579
SDGR,0.1781,0.1469
HVT,0.0969,0.0643
HLF,0.1581,-0.0014
EIX,0.0494,-0.0048
VTS,0.0875,0.01
VGR,0.0758,0.0268
RLJ,0.0378,0.061
HPP,0.1117,0.0791
ZG,0.1188,-0.0293
LMAT,0.1218,-0.0245
MIR,0.0716,0.0717
MELI,0.0719,0.0478
LPX,0.0839,0.0556
EYPT,0.1803,0.2027
BLDR,0.1084,0.0825
MCS,0.0546,-0.0148
FDP,0.0841,-0.1408
IFRX,0.1484,-0.0414
WING,0.093,0.0751
DRH,0.0623,0.0052
VRSK,0.0522,-0.0225
CHEF,0.1348,0.144
FYBR,0.1362,-0.0374
DTM,0.0534,0.0254
UTHR,0.0629,0.0055
SHC,0.1057,0.0166
IQV,0.0638,-0.0045
FTDR,0.0971,0.1514
TRIN,0.0626,0.0408
ESAB,0.0786,0.0908
MLM,0.0596,0.0739
GTHX,0.1643,-0.1879
DIN,0.0824,-0.0992
CNDT,0.071,-0.1862
DNB,0.0632,0.0479
CLH,0.073,-0.0412
ATRA,0.623,-0.0233
GHC,,0.0013
NI,0.0598,0.0095
CCCC,0.1925,-0.1141
NCLH,0.0815,-0.0368
PUMP,0.1035,0.0
SPWR,0.1719,-0.0562
BLCO,0.0823,0.0235
AVA,0.0536,0.0641
GRMN,0.0535,0.1073
GTBP,0.209,0.0146
RMNI,0.1011,0.106
APLS,0.1201,0.0255
ALIT,0.0828,0.1054
PSN,0.0704,0.0799
W,0.1377,0.0415
FWRG,0.1018,0.0251
AMRN,0.1253,0.003
CERE,0.0913,0.071
KHC,0.0388,0.0235
SRAD,0.1434,-0.0827
MYE,0.0643,-0.0262
GNRC,0.1144,0.1435
SSRM,0.0686,-0.1527
MTRN,0.1027,0.0882
SITE,0.0837,-0.1048
SII,0.0911,-0.0083
NMRA,,-0.011
SUP,0.1276,-0.0144
BRY,0.0563,-0.0862
DBRG,0.1012,-0.0789
NMRK,0.0763,0.1481
ASTE,0.0701,-0.222
TGTX,0.1458,0.3092
LIVN,0.1069,0.0202
OSW,0.0803,-0.0134
UFPT,0.0953,-0.1235
SEVN,0.052,0.0115
TRTX,0.1153,-0.0436
FSLR,0.0898,0.0027
GIC,0.0778,0.1017
DBVT,0.0979,0.02
CMTG,0.0783,-0.0355
WHG,0.1063,0.0253
MCY,0.0792,0.216
LBTYA,0.0718,-0.0238
SON,0.0486,0.0456
LBTYK,0.0674,-0.0298
GPOR,0.0892,0.0514
CGAU,0.0876,0.0984
XHR,0.0616,-0.0241
MEC,0.0878,-0.0273
GTE,0.0964,0.0637
QUAD,0.1207,-0.1258
WSR,0.0496,0.002
OKE,0.0444,-0.0101
ENLC,0.0658,-0.0073
CHCT,0.0606,-0.0317
KAI,0.0485,0.0698
HUN,0.0659,-0.0111
BXC,0.1132,0.0849
VIV,0.0505,0.0707
CZR,0.0687,-0.0105
CHK,0.0551,0.0096
TX,0.0776,-0.0296
BGFV,0.1081,-0.2252
GRBK,0.112,0.0718
HNI,0.0794,0.0557
STLA,0.0722,0.0378
RNGR,,-0.1231
BLD,0.0827,0.0428
UE,0.058,0.076
ARDX,0.1661,0.0912
COCO,0.1748,0.1592
ECL,0.0574,0.054
INCY,0.0651,0.0339
NXRT,0.0812,0.0052
UFPI,0.0557,-0.0114
HAYW,0.1398,-0.087
STVN,0.1121,0.0178
BUD,0.0391,0.0526
CGNX,0.1069,0.0301
GVA,0.0906,0.1798
DEA,0.0562,0.0257
ALLE,0.0655,0.0067
PRFT,0.1036,0.1295
ARGX,0.1014,0.0117
NPO,0.0911,-0.0346
LDOS,0.0658,0.0799
ZBRA,0.1056,0.0225
ETRN,0.0855,0.0103
SFM,0.0968,-0.0307
GPK,0.0636,0.0307
USAC,0.0612,0.0183
GPN,0.085,0.0233
KNSA,0.0988,-0.0293
NAUT,0.1327,0.094
IPGP,0.1173,0.0262
LXP,0.0642,0.0076
RGEN,0.1139,0.1786
PEG,0.0418,0.0248
IGT,0.1237,-0.0379
SSTK,0.1536,0.1857
DORM,0.084,-0.1454
LGIH,0.0971,0.0759
PACK,0.1231,-0.1048
TNC,0.0357,-0.0159
HRMY,0.1127,0.1943
FWRD,0.0962,-0.0926
PLOW,0.0894,-0.1307
AESI,0.1274,-0.056
TTI,0.1204,-0.1505
GAIA,0.1433,0.0
NEXA,0.117,0.0911
LUNG,0.1721,0.1141
ACGL,0.0575,0.0458
PRTS,0.0971,-0.1552
CLW,0.1382,-0.034
CWK,0.1228,0.087
MDXG,,0.038
LBC,0.0788,0.0
WELL,0.0587,0.0213
CVI,0.0942,0.042
BRX,0.0565,0.0312
PACB,0.1604,-0.1308
KRG,0.0348,0.0591
RWT,0.068,-0.0859
ZI,0.1495,-0.1644
LTBR,0.1344,0.0565
DENN,0.0696,-0.0023
OTTR,0.0855,0.1029
RYI,0.1086,0.0565
OPI,0.1051,0.0615
PSA,0.0627,-0.0005
AKR,0.0565,0.0468
INST,0.0878,0.0177
AXNX,0.1353,0.0345
WK,0.1017,-0.0482
FBRT,0.0685,0.0211
MFIN,0.1088,0.1215
BSM,0.0542,0.0158
TREX,0.1118,0.0165
BRSP,0.0725,0.0272
CSR,0.0737,-0.0006
BVN,0.0886,-0.0158
OGS,0.0639,-0.015
UAN,0.0978,0.0108
BMEA,0.2088,-0.0759
BCC,0.0835,-0.0022
ADUS,0.0954,-0.0524
IRT,0.0658,0.0248
WGS,0.1884,-0.3034
LSCC,0.1205,-0.1736
RIG,0.0774,-0.0015
PSTL,0.0479,-0.0002
CRK,0.0953,0.0456
ANET,0.0917,0.1403
VNO,0.1081,-0.0457
EQC,0.0515,0.0128
BGC,0.1111,-0.026
HSBC,0.0484,-0.0188
JKS,0.119,0.141
DQ,0.1222,0.0587
SJW,0.0664,0.0428
DYN,0.1522,0.0997
DOC,0.0568,-0.0054
GTLS,0.1352,-0.2487
CVEO,0.1,0.0233
AER,0.0735,-0.0002
FMX,0.0583,0.018
CBRE,0.0777,-0.0047
CRI,0.0797,0.0017
DAN,0.0967,-0.0194
LECO,0.0639,0.0271
BCPC,0.0634,-0.0541
OIS,0.1103,0.09
POR,0.0643,-0.0265
ABR,0.134,-0.0164
B,0.0853,-0.3282
ASLN,0.179,-0.105
AN,0.0942,0.0009
AVTR,0.0966,-0.0866
CMLS,0.1086,-0.1167
DLR,0.0461,0.0117
BIO,0.0974,-0.0715
CSTR,0.089,-0.0552
PEB,0.0591,-0.1009
BWMX,0.1332,-0.382
STAG,0.0522,0.0037
UVE,0.0942,-0.0276
ELME,0.0761,-0.0373
NRDS,0.1727,0.4066
RSG,0.0513,-0.0001
WKC,0.1036,-0.0815
EGO,0.0955,0.0911
FIX,0.0932,0.1455
ZYXI,0.1048,0.1664
MITK,0.1492,0.0348
FIP,0.0933,-0.0207
EKSO,0.1858,0.0649
SSNC,0.0686,-0.0148
EVTC,0.0796,-0.0405
AVGR,,-0.0213
TXRH,0.0678,0.0325
LTC,0.0476,-0.0151
ROG,0.09,0.0045
MVBF,0.1029,-0.0263
SAM,0.0974,-0.124
FMAO,0.096,0.0
CTO,0.0331,0.0044
SOI,0.1083,-0.0677
ERIE,0.0697,0.0
MMSI,0.0871,0.0868
DAIO,0.1138,-0.0429
PFG,0.0666,-0.0099
CC,0.0618,-0.0272
GLPI,0.049,-0.0135
NWE,0.0459,-0.0227
MGRC,0.0441,0.0536
DRQ,0.1017,-0.0532
KNSL,,-0.1956
BJRI,0.1326,0.087
VALE,0.031,0.0353
LODE,0.2003,-0.0121
UL,0.043,-0.0262
TPH,0.0869,0.0126
INSM,0.1001,0.0063
ARCH,0.0889,0.0021
AMT,0.0667,0.0811
SAH,0.1187,0.1345
ULBI,0.1282,-0.1957
NVCR,0.2002,-0.0753
BPMC,0.0737,0.2566
DGICA,0.0651,0.0212
MPW,0.1234,0.157
EXLS,0.0849,0.0404
ASPS,,-0.0932
ALIM,0.1633,0.028
OPRA,0.1732,0.1002
WPP,0.0739,-0.0058
EME,0.0684,0.0754
XPRO,0.1051,-0.1922
CNP,0.0548,0.0051
FTI,0.102,0.0903
HAS,0.1018,-0.1165
ESCA,0.1011,0.054
TIGO,0.0907,0.0266
TRS,0.0604,0.0149
ITGR,0.0913,0.1559
TTE,0.0539,0.0006
HEES,0.0981,0.0015
MTLS,0.1035,0.044
RS,0.0714,0.0002
NVNO,0.1666,-0.0246
LKQ,0.064,-0.059
VMC,0.0634,-0.0462
WST,0.0779,-0.0857
CWT,0.0678,0.0503
PCG,0.0263,-0.0179
FCN,0.0831,0.1762
SHYF,0.1259,-0.0246
KDP,0.0612,0.0141
CBZ,0.0614,0.001
VC,0.0951,0.0292
NEM,0.0441,0.0196
THRM,0.0818,-0.1555
LH,0.0526,0.0416
NGD,0.1225,0.0467
LXFR,0.1022,0.0
UCTT,0.1227,0.0245
AMSF,0.0529,-0.0262
EIG,0.0712,-0.0479
RBBN,0.139,0.0263
ESI,0.0692,0.0392
ORN,0.1291,0.0783
ALSN,0.0739,-0.104
INVH,0.0592,-0.0419
AM,0.054,0.0164
FTAI,0.1034,0.0696
OII,0.1411,-0.0833
CYH,0.2633,-0.0165
TNET,0.0876,0.01
UHS,0.0838,0.0165
WCN,0.0487,-0.0694
VRE,0.0965,-0.0303
GTY,0.0621,0.017
EQT,0.0404,0.0188
LC,0.1423,-0.0328
NOVA,0.3125,0.1623
VICI,0.0507,-0.0004
ARR,0.1026,-0.0218
KALU,0.1021,-0.0763
HSII,0.1017,0.0734
CHDN,0.0809,0.0
SPOK,0.0962,0.0192
MYRG,0.0974,-0.0442
EPRT,0.0606,0.0372
ICLR,0.0956,0.0678
EPR,0.0577,0.0104
ESRT,0.1016,0.0804
SUI,0.0734,0.0456
AEM,0.0757,-0.0289
AGI,0.079,-0.011
WFG,0.0763,0.0118
WH,0.0636,-0.012
VMI,0.0741,-0.1395
CHE,0.0469,0.0905
AR,0.0446,0.048
ILPT,0.1327,0.0895
FLS,0.0917,0.041
FPI,0.0701,0.0058
ATNI,0.0739,-0.0882
TROX,0.1153,0.046
EQIX,0.0762,0.0546
NTST,0.0415,-0.0007
PPC,0.09,0.037
BELFB,0.1313,0.2438
JOE,0.0869,-0.0323
ROL,0.0753,0.0402
AGR,0.0831,-0.0047
MORN,0.0746,0.1254
QS,0.1299,-0.0695
GSHD,0.1137,-0.0166
TMHC,0.0659,-0.0317
VRT,0.1737,-0.042
TNL,0.0796,-0.0183
IART,0.0857,-0.0501
WAB,0.064,0.0412
R,0.0828,-0.0434
HCSG,0.1155,-0.0949
OC,0.0804,-0.1034
IMPP,0.2211,-0.0063
CME,0.0285,-0.0008
CZOO,0.2526,-0.0449
USAP,0.1348,0.053
OPCH,0.0838,-0.1549
IMAX,0.1108,-0.0098
LAD,0.1084,-0.0606
MCO,0.0583,0.0283
LTH,0.1402,-0.1524
CSTM,0.0809,-0.078
BXMT,0.0901,-0.0204
PRG,0.1362,0.0323
RRC,0.0447,-0.0073
VICR,0.2099,-0.2658
CSGP,0.0859,-0.044
AMED,0.0211,-0.0069
WM,0.0302,0.061
TDOC,0.1378,-0.0392
NTB,0.0936,-0.0241
JBT,0.0951,0.0991
WIRE,0.1072,0.04
ADC,0.0523,-0.0066
RUSHA,0.0705,-0.0913
MTDR,0.0946,-0.0223
ROIC,0.06,-0.0426
VLRS,0.1366,0.005
THFF,0.0634,0.0121
FELE,0.0748,-0.0023
ADM,0.0441,-0.0405
TRU,0.0801,-0.233
AWI,0.0762,0.0701
GTX,0.0818,-0.0167
TECK,0.056,-0.0916
HOUS,0.1614,0.1505
KO,0.0268,0.0288
LOAN,0.0692,0.0
AAN,0.1735,-0.2115
CDNS,0.0791,-0.0105
HLX,0.1315,0.0286
HSTM,0.0713,0.1477
MEDP,0.1254,0.1967
PAC,,-0.0645
TBI,0.1348,-0.2167
BCS,0.0151,-0.0153
SXT,0.0291,0.0247
BLX,0.0238,-0.0103
POOL,0.0577,-0.0343
IRDM,0.0657,-0.0912
GPC,0.0339,-0.1251
WSO,0.0628,-0.0386
FNLC,0.0354,0.0
MCRI,0.0492,-0.0567
MMLP,0.0365,-0.0173
SCL,0.057,0.0618
CLPS,0.0627,-0.057
JMSB,0.0541,-0.0103
WDS,0.0225,0.0069
RIO,0.0316,0.0036
TTOO,0.4845,-0.5287
CTHR,,-0.2788
NRIX,0.0877,0.0225
BYRN,0.1409,0.0221
DPZ,0.0558,-0.011
DOGZ,0.1009,0.0111
